"TABLENAME","CNNAME","KINDS","PKCOLUMN","MEMO"
"GSP_CORPORATION_CONSIGN_V","","2","",""
"GSP_CORPORATION_SHOPCARD_V","","2","",""
"GSP_DRUG_MANAGE_V","","2","",""
"GSP_EQUIPMENT_MAINTAIN_V","","2","",""
"GSP_EQUIPMENT_USED_V","","2","",""
"GSP_EQUIPMENT_V","","2","",""
"GSP_GOODSMAIN_V","","2","",""
"GSP_GOODS_UNQUALIFIED_V","","2","",""
"GSP_GSMP_PERMIT_V","","2","",""
"GSP_HEALTHY_PERMIT_V","","2","",""
"GSP_LIQUID_QUANLITY_CHECK_V","","2","",""
"GSP_MEDORG_CERTIFY_PERMIT_V","","2","",""
"GSP_MED_MANAGE_PERMIT_V","","2","",""
"GSP_MED_PRODUCT_PERMIT_V","","2","",""
"GSP_ORGANISE_CODE_PERMIT_V","","2","",""
"GSP_PERMIT_VALIDDATE_QUERY_V","","2","",""
"GSP_PHYSIC_QUALITY_CHECK_V","","2","",""
"GSP_QUALITY_FEEDBACK_V","","2","",""
"GSP_QUALITY_PROTOCOL_V","","2","",""
"GSP_SABACK_CHECK_V","","2","",""
"GSP_ST_CHECK_V","","2","",""
"GSP_ST_HUM_TEM_V","","2","",""
"GSP_ST_IO_RECORD_V","","2","",""
"GSP_TAX_REGISTRATION_V","","2","",""
"GS_EXPORT_FEEDBACK_V","","2","",""
"GS_PORDER_FEEDBACK_V","","2","",""
"HD_WMS_SECTION_TASK_LST_V","","2","",""
"HIS_HOSPITAL_V","","2","",""
"HIS_PDAOUT_DOC_V","","2","",""
"HIS_PURCHASEPLAN_DTL_V","","2","",""
"HIS_RECIEVE_TMP_V","","2","",""
"IMP_WMS_STQTY_DOC_V","","2","",""
"INF_G_OUT_T400_V","","2","",""
"NPBI_INSTANCE_V","","2","",""
"NPBI_VIEW_V","","2","",""
"NP_AUTHAREA_DEPT_V","","2","",""
"NP_AUTHAREA_HOV_AP_V","","2","",""
"NP_AUTHAREA_ROLEOP_V","","2","",""
"NP_AUTHAREA_ROLE_V","","2","",""
"NP_BI_ROLE_OP_V","","2","",""
"NP_EFILES_DIR_AUTH_V","","2","",""
"NP_EFILES_DIR_V","","2","",""
"NP_EFILES_FILE_AUTH_V","","2","",""
"NP_EFILES_FILE_V","","2","",""
"NP_EFILES_OP_V","","2","",""
"NP_EMPLOYEE_ROLE_V","","2","",""
"NP_HOV_AP_V","","2","",""
"NP_LOGIN_LOG_V","","2","",""
"NP_LOG_V","","2","",""
"NP_MESSAGE_ADMIN_V","","2","",""
"NP_MESSAGE_GROUP_USER_V","","2","",""
"NP_MESSAGE_MSGCENTER_V","","2","",""
"NP_MESSAGE_MYMSG_V","","2","",""
"NP_MESSAGE_QUEUE_V","","2","",""
"NP_MESSAGE_RECEIVED_V","","2","",""
"NP_MESSAGE_SEND_V","","2","",""
"NP_MESSAGE_V","","2","",""
"NP_PUB_DEPT_V","","2","",""
"NP_QF_INSTANCE_DTL_V","","2","",""
"NP_QF_INSTANCE_V","","2","",""
"NP_QF_INSTANCE_WAIT_V","","2","",""
"NP_QF_NODE_AUTH_V","","2","",""
"NP_REPORT_V","","2","",""
"NP_ROLE_OP_V","","2","",""
"NP_RUNOP_LOG_V","","2","",""
"NP_SHORTMSG_SETTING_V","","2","",""
"NP_USER_OP_V","","2","",""
"NP_WF_DEMO_FEE_V","","2","",""
"NP_WF_INSTANCE_QRY_V","","2","",""
"NP_WF_INSTANCE_V","","2","",""
"NP_WF_NODE_EMPLOYEEID_V","","2","",""
"NP_WF_NODE_INSTANCE_V","","2","",""
"NP_WF_NODE_ROLEID_V","","2","",""
"O1_TPL_ST_IO_DOC_V","","2","",""
"O1_WMS_HIS_PATCH_TPL1_V","","2","",""
"O1_WMS_HIS_PATCH_TPL2_V","","2","",""
"PUBSRV_MANAGER_V","","2","",""
"PUB_COMPANY_SET_DTL_V","","2","",""
"PUB_COMPANY_SET_V","","2","",""
"PUB_COMPANY_VIEW","","2","",""
"PUB_DDL_DTL_V","","2","",""
"PUB_DDL_V","","2","",""
"PUB_DEPT_V","","2","",""
"PUB_EMPLOYEE_HIS_V","","2","",""
"PUB_EMPLOYEE_V","","2","",""
"PUB_GOODS_SET_DTL_V","","2","",""
"PUB_GOODS_SET_V","","2","",""
"RF_BIGPOS_V","","2","",""
"RF_DYNAMICQTYCUT_V","","2","",""
"RF_GROUP_OP_MAN_V","","2","",""
"RF_GROUP_OP_V","","2","",""
"RF_HANDCARTPICK_V","","2","",""
"RF_INCHECK_V","","2","",""
"RF_INTASK_V","","2","",""
"RF_MAN_PICKAREA_SECTION_V","","2","",""
"RF_MOVEPOSIN_V","","2","",""
"RF_MOVEPOSPICK_V","","2","",""
"RF_NOORDER_RECEIVE_V","","2","",""
"RF_POSQUERY_V","","2","",""
"RF_SCATTERPICK_INFO_V","","2","",""
"RF_SCATTERPICK_V","","2","",""
"RF_STTRADE_V","","2","",""
"RF_TRADEIN_V","","2","",""
"RF_TRADEPICK_V","","2","",""
"RF_WHOLEPICK_V","","2","",""
"RF_WHOLETMPOUT_V","","2","",""
"SYS_DDL_ALL_V","","2","",""
"SYS_DDL_DTL_V","","2","",""
"SYS_DDL_V","","2","",""
"TMP_IP_V","","2","",""
"TMS_AREA_CODE_V","","2","",""
"TMS_DELIVERY_DOC_V","","2","",""
"TMS_DISPATCH_COST_V","","2","",""
"TMS_DISPATCH_DOC_V","","2","",""
"TMS_DISPATCH_DTL_V","","2","",""
"TMS_DISPATCH_IN_TRANSIT_V","","2","",""
"TMS_DRIVER_DELIVERY_QUERY_V","","2","",""
"TMS_DRIVER_V","","2","",""
"TMS_OUT_EMPLOYEE_V","","2","",""
"TMS_PARK_LST_V","","2","",""
"TMS_PARK_V","","2","",""
"TMS_ROUTE_POS_V","","2","",""
"TMS_SUBCONTRACT_COST_DTL_V","","2","",""
"TMS_SUBCONTRACT_COST_V","","2","",""
"TMS_SUBCONTRACT_DOC_V","","2","",""
"TMS_SUBCONTRACT_DTL_V","","2","",""
"TMS_TERRACE_V","","2","",""
"TMS_TRANSIT_POS_V","","2","",""
"TMS_TR_DOC_V","","2","",""
"TMS_VEHICLE_GAS_V","","2","",""
"TMS_VEHICLE_MAINTAIN_V","","2","",""
"TMS_VEHICLE_RECORD_V","","2","",""
"TMS_VEHICLE_TYPE_V","","2","",""
"TMS_VEHICLE_V","","2","",""
"TPLA_EDI_T320_V","","2","",""
"TPLA_EDI_T330_V","","2","",""
"TPLA_EDI_T340_V","","2","",""
"TPLA_EDI_T350_V","","2","",""
"TPLA_EDI_T360_V","","2","",""
"TPLA_EDI_T370_V","","2","",""
"TPLA_EDI_T380_V","","2","",""
"TPLA_EDI_T390_V","","2","",""
"TPLA_EDI_T400_V","","2","",""
"TPLA_EDI_T410_V","","2","",""
"TPLA_EDI_T800_V","","2","",""
"TPLA_EDI_T810_V","","2","",""
"TPLA_EDI_T820_V","","2","",""
"TPL_BACK_REASON_V","","2","",""
"TPL_CB_COST_DTL_V","","2","",""
"TPL_CB_COST_ITEM_QRY_V","","2","",""
"TPL_CB_COST_V","","2","",""
"TPL_CB_COST_WHITEM_QRY_V","","2","",""
"TPL_CB_EXPENSE_ITEM_V","","2","",""
"TPL_CB_LST_V","","2","",""
"TPL_CB_OPGDS_LST_V","","2","",""
"TPL_CB_OPGG_TATISTICS_V","","2","",""
"TPL_CB_OPGO_LST_V","","2","",""
"TPL_CB_OP_APPORTIONMENT_V","","2","",""
"TPL_CB_OP_STATISTICS_V","","2","",""
"TPL_CB_STGDS_LST_V","","2","",""
"TPL_CB_STGG_LST_V","","2","",""
"TPL_CB_STGO_LST_V","","2","",""
"TPL_CB_ST_STATISTICS_V","","2","",""
"TPL_CB_TRANS_REGION_LST_V","","2","",""
"TPL_CB_TRANS_STATISTICS_V","","2","",""
"TPL_CITY_V","","2","",""
"TPL_CONSOLE_OPERATOR_V","","2","",""
"TPL_CUST_RETVISIT_LST_V","","2","",""
"TPL_CUST_SERVICE_LST_V","","2","",""
"TPL_DAYCUT_SETUP_V","","2","",""
"TPL_DAYCUT_TASK_V","","2","",""
"TPL_DISTRICT_V","","2","",""
"TPL_ERP_CONN_LST_V","","2","",""
"TPL_EXPORT_ORDER_DTL_V","","2","",""
"TPL_EXPORT_ORDER_V","货主出库订单管理","2","","陈瀚文"
"TPL_FACTORY_HOV_V","","2","",""
"TPL_FORBIT_LST_V","","2","",""
"TPL_GOODSOWNER_FIX_V","","2","",""
"TPL_GOODSOWNER_HOV_V","","2","",""
"TPL_GOODSOWNER_OPSET_V","","2","",""
"TPL_GOODSOWNER_RESPONSE_SET_V","","2","",""
"TPL_GOODSOWNER_TO_WAREHOUSE_V","","2","",""
"TPL_GOODSOWNER_V","","2","",""
"TPL_GOODS_ALLDTL_INFO_V","","2","",""
"TPL_GOODS_DIFFERENCE_V","","2","",""
"TPL_GOODS_HOV_V","","2","",""
"TPL_GOODS_PACKS_V","","2","",""
"TPL_GOODS_PACKS_V1","","2","",""
"TPL_GOODS_PACK_HOV_V","","2","",""
"TPL_GOODS_TOTAL_QTY_V","","2","",""
"TPL_GOODS_V","","2","",""
"TPL_GO_COMPANY_HOV_V","","2","",""
"TPL_GO_COMPANY_MAN_V","","2","",""
"TPL_GO_COMPANY_V","","2","",""
"TPL_GO_CONNECTOR_V","","2","",""
"TPL_INOUT_ORDER_V","","2","",""
"TPL_INSPECTION_REPORT_V","","2","",""
"TPL_INVOICE_DOC_V","","2","",""
"TPL_INVOICE_DTL_V","","2","",""
"TPL_INVOICE_IN_V","","2","",""
"TPL_INVOICE_PRINT_V","","2","",""
"TPL_IN_ORDER_DTL_V","","2","",""
"TPL_IN_ORDER_V","","2","",""
"TPL_LICENSE_V","","2","",""
"TPL_ORDER_ALLOT_V","","2","",""
"TPL_OUT_ORDER_DTL_V","","2","",""
"TPL_OUT_ORDER_V","","2","",""
"TPL_OWNER_BACK_REASON_DEF_V","","2","",""
"TPL_OWNER_DDL_DEF_V","","2","",""
"TPL_OWNER_GOODSSTATUS_DEF_V","","2","",""
"TPL_OWNER_QUANSTATUS_DEF_V","","2","",""
"TPL_OWNER_TRANS_DEF_V","","2","",""
"TPL_PROVINCE_V","","2","",""
"TPL_PUB_COMPANY_V","","2","",""
"TPL_PUB_GOODS_CLASS_V","","2","",""
"TPL_PUB_GOODS_HOV_V","","2","",""
"TPL_PUB_GOODS_HOV_V1","","2","",""
"TPL_PUB_GOODS_V","","2","",""
"TPL_PUB_PACKNAME_DEF_V","","2","",""
"TPL_PUB_PACKS_V","","2","",""
"TPL_PURCHASE_ORDER_DTL_V","","2","",""
"TPL_PURCHASE_ORDER_V","","2","",""
"TPL_QTY_DAY_DTL_V","","2","",""
"TPL_QTY_DAY_V","","2","",""
"TPL_RULING_LST_DTL_V","","2","",""
"TPL_RULING_LST_V","","2","",""
"TPL_SERVICE_CTL_V","","2","",""
"TPL_SERVICE_LST_V","","2","",""
"TPL_ST_IO_DOC_V","","2","",""
"TPL_ST_QTY_DAY_LST_V","","2","",""
"TPL_ST_QTY_GOODSCLASS_V","","2","",""
"TPL_ST_QTY_LST_GOODSCLASS_V","","2","",""
"TPL_ST_QTY_LST_V","","2","",""
"TPL_ST_QTY_WAREH_SUM_V","","2","",""
"TPL_ST_QTY_WAREH_V","","2","",""
"TPL_SYS_LOG_V","","2","",""
"TPL_TRADE_DTL_V","","2","",""
"TPL_TRADE_ORDER_V","","2","",""
"TPL_UNQUALIFIED_GOODS_LST_V","","2","",""
"TPL_WAREHOUSE_HOV_V","","2","",""
"TPL_WAREHOUSE_SETUP_V","","2","",""
"TPL_WAREHOUSE_V","","2","",""
"TPL_WMS_CONN_LST_V","","2","",""
"TPRICE_ACC_DOC_V","","2","",""
"TPRICE_ACC_DTL_V","","2","",""
"TPRICE_ACC_ITEM_STATISTICS_V","","2","",""
"TPRICE_ACC_OWNERUSEMM_COST_V","","2","",""
"TPRICE_ACC_OWNER_STSTISTICS_V","","2","",""
"TPRICE_ACC_STATISTICS_V","","2","",""
"TPRICE_ACC_TINY_V","","2","",""
"TPRICE_ACC_TOTAL_STATISTICS_V","","2","",""
"TPRICE_ACC_TYPE_STATISTICS_V","","2","",""
"TPRICE_ACC_USEMM_TOTALCOST_V","","2","",""
"TPRICE_CORP_MODEL_DOC_V","","2","",""
"TPRICE_CORP_MODEL_JOB_V","","2","",""
"TPRICE_CORP_MODEL_STORE_V","","2","",""
"TPRICE_CORP_MODEL_TRANS_V","","2","",""
"TPRICE_DAYCUT_V","","2","",""
"TPRICE_ESTIMATE_DOC_V","","2","",""
"TPRICE_ESTIMATE_DTL_V","","2","",""
"TPRICE_ESTIMATE_MODEL_V","","2","",""
"TPRICE_GOODS_TYPE_V","","2","",""
"TPRICE_GO_JOB_DTL_V","","2","",""
"TPRICE_GO_PRICE_DOC_V","","2","",""
"TPRICE_GO_STORE_DTL_V","","2","",""
"TPRICE_GO_TRANS_DTL_V","","2","",""
"TPRICE_JOB_TYPE_V","","2","",""
"TPRICE_MODEL_DOC_V","","2","",""
"TPRICE_MODEL_JOB_V","","2","",""
"TPRICE_MODEL_STORE_V","","2","",""
"TPRICE_MODEL_TRANS_V","","2","",""
"TPRICE_OWNER_ITEM_STSTISTICS_V","","2","",""
"TPRICE_OWNER_USEMM_STA_DTL_V","","2","",""
"TPRICE_OWNER_USEMM_STA_V","","2","",""
"TPRICE_PRICE_TYPE_V","","2","",""
"TPRICE_STORE_TYPE_HOV_V","","2","",""
"TPRICE_STORE_TYPE_V","","2","",""
"TPRICE_TRANS_REGION_V","","2","",""
"TPRICE_TRANS_TYPE_V","","2","",""
"TPRICE_USEDAY_V","","2","",""
"TPRICE_USEMM_DTL_V","","2","",""
"TPRICE_USEMM_V","","2","",""
"WMS_ABC_V","","2","",""
"WMS_BARCODE2V_DOC_V","","2","",""
"WMS_BOX_DOC_V","","2","",""
"WMS_BOX_DTL_V","","2","",""
"WMS_CHANNEL_DEF_V","","2","",""
"WMS_CHANNEL_DTL_V","","2","",""
"WMS_CODE_RULE_V","","2","",""
"WMS_CONTAINER_DEF_V","","2","",""
"WMS_DATACHECK_DOC_V","","2","",""
"WMS_DATACHECK_DTL_V","","2","",""
"WMS_DATACHECK_TYPE_V","","2","",""
"WMS_DATAIMP_DOC_V","","2","",""
"WMS_DEVICE_DEF_V","","2","",""
"WMS_DEVICE_DPS_SETUP_V","","2","",""
"WMS_DEVICE_SETUP_V","","2","",""
"WMS_DEVICE_WCS_SETUP_V","","2","",""
"WMS_ECODE_RECORD_V","","2","",""
"WMS_ELABLE_ADDRESS_V","","2","",""
"WMS_ELABLE_DEF_V","","2","",""
"WMS_ERP_COMPARE_QTY_V","","2","",""
"WMS_ERP_ST_QTY_V","","2","",""
"WMS_GOODSCODE_V","","2","",""
"WMS_GOODSOWNER_STATISTCS_V","","2","",""
"WMS_GOODSOWNER_TO_SECTION_V","","2","",""
"WMS_GOODSSTATUS_V","","2","",""
"WMS_GOODS_ALLOCATE_RULE_DTL_V","","2","",""
"WMS_GOODS_ALLOCATE_RULE_V","","2","",""
"WMS_GOODS_CENTER_PACK_V","","2","",""
"WMS_GOODS_CHECK_RULE_V","","2","",""
"WMS_GOODS_DEF_POS_V","","2","",""
"WMS_GOODS_FEATURE_V","","2","",""
"WMS_GOODS_LOT_CONSERVE_V","","2","",""
"WMS_GOODS_LOT_V","","2","",""
"WMS_GOODS_QTYLIMIT_DEF_V","","2","",""
"WMS_GOODS_REPLENISHMENT_V","","2","",""
"WMS_GOODS_STORE_RULE_DTL_V","","2","",""
"WMS_GOODS_STORE_RULE_V","","2","",""
"WMS_GOODS_STORE_UNUSUAL_V","","2","",""
"WMS_GOODS_TO_POSTYPE_V","","2","",""
"WMS_GOODS_TO_SECTION_V","","2","",""
"WMS_GOODS_TRADE_V","","2","",""
"WMS_GROUP_DEF_V","","2","",""
"WMS_GROUP_MAN_V","","2","",""
"WMS_GSPCHECK_V","","2","",""
"WMS_HIS_PATCH_V","","2","",""
"WMS_HOSPITAL_V","","2","",""
"WMS_HOSTDISTRICT_V","","2","",""
"WMS_HOSTPITAL_REC_V","","2","",""
"WMS_INSTANS_MANGE_DOC_V","","2","",""
"WMS_INSTANS_MANGE_DTL_V","","2","",""
"WMS_INSTANS_QTY_LST_V","","2","",""
"WMS_IN_ORDER_CHECK_V","","2","",""
"WMS_IN_ORDER_DTL_V","","2","",""
"WMS_IN_ORDER_PRINT_V","","2","",""
"WMS_IN_ORDER_V","","2","",""
"WMS_IN_RECINVE_V","","2","",""
"WMS_LOT_MODIFY_LST_V","","2","",""
"WMS_LOT_QTY_V","","2","",""
"WMS_OPERATION_TO_SECTION_V","","2","",""
"WMS_OUT_ORDER_DTL_V","","2","",""
"WMS_OUT_ORDER_LOT_DTL_V","","2","",""
"WMS_OUT_ORDER_V","","2","",""
"WMS_PACKING_V","","2","",""
"WMS_PACKSEQ_LST_V","","2","",""
"WMS_PACK_MODIFY_LST_V","","2","",""
"WMS_PACK_SHIP_V","","2","",""
"WMS_PARTSOUT_CHECKED_V","","2","",""
"WMS_PARTSOUT_CHECK_V","","2","",""
"WMS_PDA_OUT_V","","2","",""
"WMS_PICKAREA_POS_DEF_V","","2","",""
"WMS_PICKAREA_TASK_DTL_V","","2","",""
"WMS_PICKAREA_TASK_LST_V","","2","",""
"WMS_PICKAREA_V","","2","",""
"WMS_PICKFLOW_V","","2","",""
"WMS_PICK_JIANSHU_V","","2","",""
"WMS_POS_COLLECT_DEF_V","","2","",""
"WMS_POS_COLLECT_DTL_V","","2","",""
"WMS_POS_COLLECT_V","","2","",""
"WMS_POS_DEF_V","","2","",""
"WMS_POS_TYPE_V","","2","",""
"WMS_PREPARE_IN_V","","2","",""
"WMS_PROC_QTY_CUT_DTL_V","","2","",""
"WMS_QTY_CUT_DTL_V","","2","",""
"WMS_QTY_CUT_PLAN_DTL_V","","2","",""
"WMS_QTY_CUT_PLAN_REPORT_V","","2","",""
"WMS_QTY_CUT_PLAN_V","","2","",""
"WMS_QTY_CUT_V","","2","",""
"WMS_QUERY_V","","2","",""
"WMS_RECEIVE_DETAIL_V","","2","",""
"WMS_RECEIVE_DOC_V","","2","",""
"WMS_RECEIVE_DTL_V","","2","",""
"WMS_RECEIVE_V","","2","",""
"WMS_RESOURCE_POS_USE_V","","2","",""
"WMS_RF_MAC_V","","2","",""
"WMS_RF_OPERATOR_V","","2","",""
"WMS_RF_REG_V","","2","",""
"WMS_RULING_LST_DTL_V","","2","",""
"WMS_RULING_LST_V","","2","",""
"WMS_SAMPLING_ADDRESS_V","","2","",""
"WMS_SAMPLING_POINT_V","","2","",""
"WMS_SECTION_TASK_DTL_V","","2","",""
"WMS_SECTION_TASK_LST_V","","2","",""
"WMS_SHIPPOS_FIXED_V","","2","",""
"WMS_SHIPPOS_FIX_V","","2","",""
"WMS_SHIP_ZONE_OF_RULE_V","","2","",""
"WMS_SHIP_ZONE_POS_RULE_V","","2","",""
"WMS_SHIP_ZONE_POS_V","","2","",""
"WMS_SHIP_ZONE_RULE_V","","2","",""
"WMS_SHIP_ZONE_V","","2","",""
"WMS_STATE_SECTION_V","","2","",""
"WMS_ST_AREA_DEF_V","","2","",""
"WMS_ST_AREA_HOV_V","","2","",""
"WMS_ST_GOODS_LOT_V","","2","",""
"WMS_ST_IO_DOC_HIS_V","","2","",""
"WMS_ST_IO_DOC_INIT_V","","2","",""
"WMS_ST_IO_DOC_OUT_V","","2","",""
"WMS_ST_IO_DOC_QUERY_V","","2","",""
"WMS_ST_IO_DOC_V","","2","",""
"WMS_ST_MV_CFG_V","","2","",""
"WMS_ST_QTY_LST_V","","2","",""
"WMS_ST_SECTION_DEF_V","","2","",""
"WMS_ST_SECTION_HOV_V","","2","",""
"WMS_TASK_DOC_V","","2","",""
"WMS_TASK_DTL_V","","2","",""
"WMS_TRADEREPORT_V","","2","",""
"WMS_TRADE_DTL_V","","2","",""
"WMS_TRADE_ORDER_V","","2","",""
"WMS_TRADE_POS_V","","2","",""
"WMS_TRANSPORT_ADDRESS_V","","2","",""
"WMS_TRANSPORT_MODE_V","","2","",""
"WMS_TRANS_ROUTE_V","","2","",""
"WMS_TRDOC_REPORT_DTL_V","","2","",""
"WMS_TR_ROUTE_V","","2","",""
"WMS_TURNBOX_DOC_V","","2","",""
"WMS_TURNBOX_IO_V","","2","",""
"WMS_TURNOVER_LST_V","","2","",""
"WMS_WAVEREPORT_DOC_V","","2","",""
"WMS_WAVEREPORT_DTL_V","","2","",""
"WMS_WAVETASKREPORT_DTL_V","","2","",""
"WMS_WAVE_DOC_V","","2","",""
"WMS_WAVE_DTL_HOV_V","","2","",""
"WMS_WAVE_DTL_V","","2","",""
"WMS_WAVE_DTL_YJD_V","","2","",""
"WMS_WAVE_GOODS_DTL_V","","2","",""
"WMS_WAVE_MODEL_DEF_V","","2","",""
"WMS_WAVE_RELEASE_PLAN_V","","2","",""
"WMS_WHOLECHECK_V","","2","",""
"WMS_WHOLE_PACK_SHIP_V","","2","",""
"WMS_WHOLE_SHIP_V","","2","",""
"ZONE_PICKFLOW_RULE_V","","2","",""
"ZX_DIS_COLLECT_V","","2","",""
"ZX_ERPWMS_ST_DIFFQTY_V","","2","",""
"ZX_ERPWMS_ST_DIFFQTY_V1","","2","",""
"ZX_ERP_NOTIN_WMSOUTORDER_V","","2","",""
"ZX_GOODSIN2TURNBOX_V","","2","",""
"ZX_GTOE_PURCHASE_ERROR_V","","2","",""
"ZX_PCD_V","","2","",""
"ZX_RECEIPT_CHECKDETAIL_V","","2","",""
"ZX_TWOBOXING_DOC_V","","2","",""
"ZX_TWOBOXING_DTL_V","","2","",""
"ZX_TWOBOXING_PRINT_V","","2","",""
"ZX_WBOX_FLOW_V","","2","",""
"ZX_WBOX_MANAGER_V","","2","",""
"ZX_WBOX_TOTAL_V","","2","",""
"ZX_WMSINTERFACEINFO_TO_QUEUE_V","","2","",""
"ZX_WMSINTERFACEINFO_TO_T101_V","","2","",""
"ZX_WMSINTERFACEINFO_TO_T102_V","","2","",""
"ZX_WMSINTERFACEINFO_TO_T103_V","","2","",""
"ZX_WMSINTERFACEINFO_TO_T301_V","","2","",""
"ZX_WMSINTERFACEINFO_TO_T302_V","","2","",""
"ZX_WMSINTERFACEINFO_TO_T310_V","","2","",""
"ZX_WMSINTERFACEINFO_TO_T320_V","","2","",""
"ZX_WMSINTERFACEINFO_TO_T340_V","","2","",""
"ZX_WMSINTERFACEINFO_TO_T350_V","","2","",""
"ZX_WMSINTERFACEINFO_TO_T400_V","","2","",""
"ZX_WMS_GOODS_TO_SUPPLYER_V","","2","",""
"ZX_WMS_INTERFACEINFO_V","","2","",""
"WMS_YJD_WAVE_GOODS_DTL_V","","2","",""
"ZX_FILEGROUPID","","1","",""
"LYZX_TPRICE_GOODS","专项货品信息表","1","GOODSID","程宇哲"
"LYZX_TPRICE_GOODS_V","","2","",""
"LY_ZX_WMS_QTYLST_VALID_V","","2","",""
"ZX_SETBOXCODE_V","","2","",""
"TPL_GOODSOWNER_V1","","2","",""
"ZX_DYFPAGE_FLAG","","1","",""
"XMLY_WMS_YJD_ORDER_V","","2","",""
"XMLY_WMS_YJD_ORDER_V1","","2","",""
"XYUE","","2","",""
"ZX_WMS_PICKAREA_TASK_DTL_V","","2","",""
"ZX_WMS_SECTION_TASK_DTL_V","","2","",""
"ZYC_WMS_WAVE_DTL_V","","2","",""
"TPL_EDI_GSP_QUALITY_RECHECK_V","","2","",""
"ZX_GSP_QUALITY_FEEDBACK","","1","",""
"ZX_GSP_QUALITY_FEEDBACK_V","","2","",""
"T_GSP_QUALITY_RECHECK_WMS_HIS","","1","",""
"T_GSP_QUALITY_RECHECK_WMS","","1","",""
"T_SHGL","","1","",""
"ZX_ZYC_WAREH_SHR","","1","",""
"WMS_CANCEL_JOB_LST_BAK20151208","","1","",""
"T_ERP_TO_WMS_FEEDBACK","","1","",""
"TPL_EDI_SHGL_V","","2","",""
"T_GSP_CONSERVE_V","","2","",""
"T_GSP_QUALITY_RECHECK_V","","2","",""
"T_WMS_TO_ERP_FEEDBACK_V","","2","",""
"WMS_TRADE_DTLQRY_V","","2","",""
"ZX_KCJFMXCX_V","","2","",""
"ZX_KCJFMXHZ_V","","2","",""
"ZX_LQSFLAG","","2","",""
"ZX_LQSFLAG_PK","","2","",""
"ZX_SHGL_V","","2","",""
"ZX_TPRICE_GO_PRICE_DTLQRY_V","","2","",""
"T320","","1","",""
"T320_HIS","","1","",""
"T340","","1","",""
"T340_HIS","","1","",""
"ZX_NHND_ECODE_IMP","","1","",""
"ZX_NHND_SCMCODE","","1","",""
"ZYC_GOODS_TEMP","","1","",""
"T_TEST","","1","",""
"WMS_CANCEL_JOB_LST_TEST","","1","",""
"ZYC_TEMP","","1","",""
"TMS_LUYAN_TR_DTL","","1","",""
"ZYC_POS_TEMP","","1","",""
"ZX_TL_OUT_TMP","","1","",""
"ZX_TL_OUTDTL_TMP","","1","",""
"ZX_GOODSOWNER_EMPLOYEE","","1","",""
"TMP_CW","","1","",""
"TMP_CW2","","1","",""
"ZX_INVOMSG_BGFLAG","","1","",""
"ZX_ZPDJ_DTL","","1","",""
"ZX_ZPDJ_DOC","","1","",""
"ZX_NOAUTO_PRINT","","1","",""
"WMS_APPKEY_MANAGE","货主接入密钥管理","1","APPKEYMANAGEID","陈瀚文"
"WMS_OWNERIP_MANAGE","","1","",""
"TMP_ADDRESS","","1","",""
"TMP_XYUE","","1","",""
"ZX_LY_GOODS","","1","",""
"TPM_ADDRESS","","1","",""
"TMS_LUYAN_VEHICLE","","1","",""
"TMS_LUYAN_ADDRESS","","1","",""
"TMS_LUYAN_DISPATCH_DOC","TMS派车装载管理-总单","1","DISPATCHID","陈瀚文"
"TMS_LUYAN_TR_DOC","TMS派车装载管理-细单","1","TRID","陈瀚文"
"TMS_LUYAN_AUTHORIZATION","","1","",""
"TMS_LUYAN_BIN_RECORD","","1","",""
"TMS_LUYAN_GPS_RECORD","","1","",""
"TMS_LUYAN_LOG","","1","",""
"TMS_LUYAN_SECURITY_LOG","","1","",""
"TMS_LUYAN_ROUTE","","1","",""
"TMS_LUYAN_REST_FAILED_RECORD","","1","",""
"TMS_LUYAN_ROLE","","1","",""
"TMS_LUYAN_ROLE_MENU","","1","",""
"TMS_LUYAN_USER_ROLE","","1","",""
"ZX_710037_TMP","","1","",""
"ZX_710037","","1","",""
"NP_SP","","1","",""
"NP_ROLE_OP_1","","1","",""
"NP_EMPLOYEESP","","1","",""
"WMS_ST_QTY_LST_bak","","1","",""
"WMS_ST_QTY_LST_BAK","","1","",""
"NP_RPTCENT_AUTH","","1","",""
"NP_RPTCENT_DIR","","1","",""
"NP_RPTCENT_DIR_AUTH","","1","",""
"NP_RPTCENT_STYLE_AUTH","","1","",""
"NP_OP_STYLE","","1","",""
"NP_OP_STYLE_AUTH","","1","",""
"NP_PASSWORD_POLICY","","1","",""
"NP_EFILES_OP_CLASS","","1","",""
"NP_CLUSTER_HOSTS","","1","",""
"NP_CLUSTER_LOG","","1","",""
"NP_CLUSTER_MASTERONLY_CMD","","1","",""
"NPBGTASKLOG","","1","",""
"NP_BACKGROUND_TASK","","1","",""
"NP_TASK","后台任务引擎管理","1","TASKID","陈瀚文"
"NP_TASK_INSTANCE_DOC","","1","",""
"NP_TASK_INSTANCE_DOC_TMP","","1","",""
"NP_TASK_INSTANCE_DTL","","1","",""
"NP_TASK_SERVICE","","1","",""
"NP_TASK_SERVICE_DEFUALTPARAM","可执行服务列表","1","PARAMID","陈瀚文"
"NP_TASK_SERVICE_REALPARAM","","1","",""
"NP_PARAM","","1","",""
"NP_DOWNLOAD_MIRROR","","1","",""
"ZX_TL_TRANS_DISTANCE_TMP","","1","",""
"ZX_710026_TMP","","1","",""
"ZX_710077_DDID","","1","",""
"ZX_FZ_ECODEFLAG_CANCLE_BAK","","1","",""
"ZX_710030_TMP","","1","",""
"ZX_710030","","1","",""
"ZX_710030_INCEPTADDR","","1","",""
"ZX_710031","","1","",""
"ZX_WMS_CONSERVE_CONFIG","","1","",""
"ZX_WMS_CONSERVE_GOODS","","1","",""
"ZX_WMS_CONSERVE_PARAM","","1","",""
"ZX_WMS_CONSERVE_PERIOD","","1","",""
"NP_DATASOURCE_CONFIG","","1","",""
"NP_RPTCENT","","1","",""
"PUB_SALER","","1","",""
"TMS_LUYAN_GETDISTANCE_LOG","","1","",""
"XYUE1","","1","",""
"XYUE_TMP","","1","",""
"LYXLY_TMP","","1","",""
"TMS_LUYAN_TOTAL_DISTANCE","","1","",""
"ZX_PRICE","","1","",""
"ZX_ERPGOODS","","1","",""
"TMS_LUYAN_SALER","","1","",""
"TMS_ROUTE_POS_BAK20180930","","1","",""
"WMS__ADDRESS_BAK20180930","","1","",""
"ZX_TL_ADDRESS_TMP","","1","",""
"TMS_LUYAN_DEVGROUPCODE","","1","",""
"ZX_710037_SPDATA_HISTORY","","1","",""
"ZX_TL_SERVICE","","1","",""
"TMS_LUYAN_COLDALARM_LOG","","1","",""
"CDCS_UPLOADINOUTWHDA","","1","",""
"ZX_710043","","1","",""
"ZX_710031_TMP","","1","",""
"CDCS_WAREHOUSEDATA","","1","",""
"CDCS_GOODSINFO","","1","",""
"CDCS_CUST","","1","",""
"CDCS_PKG2DTL","","1","",""
"CDCS_UPLOAD_CHECK","","1","",""
"WMS_ECODE_RECORD_GOODSSEQ","","1","",""
"CDCS_GOODSUOMIN","","1","",""
"ZX_710037_COOL","","1","",""
"ZX_710037_TMP_V2","","1","",""
"ZX_710037_TMP_V23","","1","",""
"ZX_710037_TMP_GOODS2SUPPLYER","","1","",""
"ZX_710037_BAK_215","","1","",""
"TMS_LUYAN_GPS_ACCOUNT","","1","",""
"TMS_LUYAN_GPS_ACCOUNTDTL","","1","",""
"ZX_710037_BAK_190509","","1","",""
"ZX_710030_B_0513","","1","",""
"WMS_GOODSGROUP_ORDER_DTL","","1","",""
"WMS_GOODSGROUP_ORDER","","1","",""
"WMS_GOODSGROUP_ORDER_TMP","","1","",""
"WMS_GOODSGROUP_ORDER_TMP_HIS","","1","",""
"ZX_710037_MONTH4","","1","",""
"ZX_710044","","1","",""
"ZX_710045","","1","",""
"ZX_710037_BK_190625","","1","",""
"ZX_710037_190626","","1","",""
"ZX_TL_CONSERVE_TMP","","1","",""
"ZX_TL_VEHICLETMP","","1","",""
"TOAD_PLAN_TABLE","","1","",""
"OSGC_IWCS_CONFIG","","1","",""
"OSGC_IWCS_CONFIG_DTL","","1","",""
"XYUE_TMP_CH","","1","",""
"ZX_TL_PACKS_TMP","","1","",""
"ZX_PURCHASEQTYFLAG_QX_PRINT","","1","",""
"WMS_RESPONSE_BAK","","1","",""
"XYUE_TMP_IMP_GOODSPACKS","","1","",""
"WMS_ST_QTY_LST_HIS","","1","",""
"WMS_ZSPT_OUT","","1","",""
"ZX_BOXNO_SEQ","","1","",""
"WMS_ST_QTY_LST_HISTMP","","1","",""
"WMS_ZSPT_IN","","1","",""
"ZX_OUT_LABEL_PRINT_XMFY","","1","",""
"XYUE_TMP_POSID","","1","",""
"XYUE_TMP_GOODSID","","1","",""
"ZX_FYJK","","1","",""
"ZX_WMS_ST_QTY_LST20200213","","1","",""
"TMS_LUYAN_HUMITURE_RECORD","","1","",""
"CDCS_UPLOADINOUTWHDA_V","","2","",""
"CDCS_WAREHOUSEDATA_V","","2","",""
"GSPWEB_CONSERVE_V","","2","",""
"GSPWEB_GOODS_ACCEPTION_V","","2","",""
"GSPWEB_GOODS_UNQUALIFIED_V","","2","",""
"GSPWEB_QUALITY_FEEDBACK_REV_V","","2","",""
"GSPWEB_QUALITY_FEEDBACK_V","","2","",""
"GSPWEB_SHGL_V","","2","",""
"GSPWEB_ST_IO_RECORD_V","","2","",""
"GSPWEB_WMS_DESTROY_ORDER_V","","2","",""
"GSPWEB_WMS_TRADE_ORDER_V","","2","",""
"GSPWEB_ZX_PCD_V","","2","",""
"INTER_CHANGE_ORDER_V","","2","",""
"INTER_COUNT_V","","2","",""
"INTER_CUSTOMER_ADDRESS_V","","2","",""
"INTER_CUSTOMER_V","","2","",""
"INTER_GOODSOWNER_V","","2","",""
"INTER_GOODSPACK_V","","2","",""
"INTER_GOODS_V","","2","",""
"INTER_IN_ORDER_CANCEL_V","","2","",""
"INTER_IN_ORDER_V","","2","",""
"INTER_MNTN_ORDER_V","","2","",""
"INTER_OUT_ORDER_V","","2","",""
"INTER_PICK_ORDER_V","","2","",""
"INTER_SUPPLYER_V","","2","",""
"INTER_TRADE_DTL_V","","2","",""
"INTER_TRADE_DTL_XYUE_V","","2","",""
"INTER_TRADE_ORDER_V","","2","",""
"INTER_TRADE_ORDER_XYUE_V","","2","",""
"IWCS_IN_ORDER_DTL_V","","2","",""
"IWCS_IN_ORDER_V","","2","",""
"IWCS_OUT_ORDER_DTL_V","","2","",""
"IWCS_OUT_ORDER_V","","2","",""
"LY_ZX_WMS_JCSJJC1_V","","2","",""
"LY_ZX_WMS_JCSJJC2_V","","2","",""
"LY_ZZZZZ_1012_V","","2","",""
"NP_BACKGROUND_TASK_V","","2","",""
"NP_EFILES_OP_FILE_V","","2","",""
"NP_EMPLOYEESP_V","","2","",""
"NP_OP_STYLE_AUTH_V","","2","",""
"NP_ROLE_OP_1_V","","2","",""
"NP_RPTCENT_AUTH_V","","2","",""
"NP_RPTCENT_DIR_AUTH_V","","2","",""
"NP_RPTCENT_STYLE_AUTH_V","","2","",""
"NP_RPTCENT_V","","2","",""
"NP_SP_V","","2","",""
"NP_TASK_INSTANCE_DOC_V","","2","",""
"NP_TASK_INSTANCE_DTL_V","","2","",""
"NP_TASK_SERVICE_DEFUALTPARAM_V","","2","",""
"NP_TASK_SERVICE_REALPARAM_V","","2","",""
"NP_TASK_SERVICE_V","","2","",""
"NP_TASK_V","","2","",""
"PUB_EMPLOYEE_TMS_V","","2","",""
"RETROSPECT_HUMITURE_INFO_V","","2","",""
"RETROSPECT_TRAJECTORY_INFO_V","","2","",""
"RETROSPECT_TRANSPORT_INFO_V","","2","",""
"TMS_DISPATCH_DOC_TMS_V","","2","",""
"TMS_DISPATCH_DTL_TMS_V","","2","",""
"TMS_LUYAN_ADDRESS_V","","2","",""
"TMS_LUYAN_DISPATCH_DOC_V","","2","",""
"TMS_LUYAN_DISPATCH_DOC_V1","","2","",""
"TMS_LUYAN_DRIVER_V","","2","",""
"TMS_LUYAN_DRIVER_WORKLOAD_V","","2","",""
"TMS_LUYAN_EMPLOYEE_V","","2","",""
"TMS_LUYAN_HUMITURE_MONITOR_V","","2","",""
"TMS_LUYAN_TOTAL_DISTANCE_V","","2","",""
"TMS_LUYAN_TR_DOC_SALER_V","","2","",""
"TMS_LUYAN_TR_DOC_TRANSFER_V","","2","",""
"TMS_LUYAN_TR_DOC_V","","2","",""
"TMS_LUYAN_TR_DOC_V1","","2","",""
"TMS_LUYAN_TR_DTL_V","","2","",""
"TMS_LUYAN_VEHICLE_ALL_V","","2","",""
"TMS_LUYAN_VEHICLE_V","","2","",""
"TMS_LUYAN_WAREHOUSE_V","","2","",""
"TMS_TRANSPORT_RECORD_V","","2","",""
"TMS_TR_DOC_TMS_V","","2","",""
"TMS_TR_DTL_TMS_V","","2","",""
"TMS_TR_DTL_V","","2","",""
"TPLA_BAONUO_T320_V","","2","",""
"TPLA_BAONUO_T340_V","","2","",""
"TPLA_BAONUO_T350_V","","2","",""
"TPLA_EDI_T320_V1","","2","",""
"TPLA_EDI_T340_V1","","2","",""
"TPLA_PHYSIC_QUALITY_CHECK_V","","2","",""
"GOODSPACK_TMP","","1","",""
"ERPGOODSPACK_TMP","","1","",""
"PUBGOODSPACK_TMP","","1","",""
"ZX_LOTNO","","1","",""
"ZX_LOTNO1","","1","",""
"ZX_LOTNO2","","1","",""
"ZX_LOTNO3","","1","",""
"TPL_OWNER_BACK_REASON_DEF","货主综合信息-货主退货原因对码表","1","SEQID","程宇哲"
"TPL_OWNER_DDL_DEF","货主综合信息-货主系统选项对码表","1","SEQID","程宇哲"
"TPL_OWNER_GOODSSTATUS_DEF","货主综合信息-货主货品状态对码表","1","SEQID","程宇哲"
"TPL_OWNER_QUANSTATUS_DEF","货主综合信息-货主货品状态对码表","1","SEQID","程宇哲"
"TPL_OWNER_STORAGE_DEF","","1","",""
"TPL_OWNER_TRANS_DEF","货主综合信息-运输方式对码表","1","SEQID","程宇哲"
"TPL_PROVINCE","省份表","1","PROVINCEID","程宇哲"
"TPL_PUB_COMPANY","单位主档维护","1","COMPANYID","陈瀚文"
"TPL_PUB_GOODS","货品主档表","1","GOODSID","程宇哲"
"TPL_PUB_GOODS_CLASS","货品分类表","1","CLASSID","程宇哲"
"TPL_PUB_GOODS_PACKS","货品包装表","1","GOODSPACKID","程宇哲"
"TPL_PUB_PACKNAME_DEF","","1","PACKID","程宇哲"
"TPL_PURCHASE_ORDER","","1","PORDERID","程宇哲"
"TPL_PURCHASE_ORDER_DTL","","1","PORDERDTLID","程宇哲"
"TPL_QTY_DAY_TINY","","1","",""
"TPL_RESPONSE_QUEUE","","1","",""
"TPL_RULING_LST","裁决申请管理-总表","1","LSTID","陈瀚文"
"TPL_SERVICE_CTL","","1","",""
"TPL_SERVICE_LST","","1","",""
"TPL_ST_DEF","","1","",""
"TPL_ST_IO_DOC","","1","INOUTID",""
"TPL_ST_QTY_LST","汇总库存查询","1","WAREHID,GOODSOWNERID,OWNERGOODSID,GOODSID,GOODSPACKID,BATCHNO,LOTID,GOODSSTATUSID","陈瀚文"
"TPL_SYS_HIS_LOG","","1","",""
"TPL_TRADE_DTL","库存调整细单表","1","TRADEDTLID","程宇哲"
"TPL_TRADE_ORDER","库存调整表主表","1","TRADEID","程宇哲"
"TPL_UNQUALIFIED_GOODS_LST","不合格货品信息表","1","LSTID","程宇哲"
"TPL_WAREHOUSE","物流中心表","1","WAREHID","程宇哲"
"TPL_WAREHOUSE_CONTROLSET","物流中心维护-物流中心其他设置表","1","KEYID","程宇哲"
"TPL_WMS_CONN_LST","","1","",""
"TPRICE_ACC_DOC","","1","",""
"TPRICE_ACC_DTL","","1","",""
"TPRICE_ACC_STATISTICS","","1","",""
"TPRICE_ACC_TINY","","1","",""
"TPRICE_CORP_MODEL_DOC","","1","",""
"TPRICE_CORP_MODEL_JOB","","1","",""
"TPRICE_CORP_MODEL_STORE","","1","",""
"TPRICE_CORP_MODEL_TRANS","","1","",""
"TPRICE_DAYCUT","","1","",""
"TPRICE_ESTIMATE_DOC","","1","",""
"TPRICE_ESTIMATE_DTL","","1","",""
"TPRICE_ESTIMATE_MODEL","","1","",""
"TPRICE_GO_JOB_DTL","","1","",""
"TPRICE_GO_PRICE_DOC","","1","",""
"TPRICE_GO_STORE_DTL","","1","",""
"WMS_ECODE_RECORD","","1","",""
"WMS_EDI_QUEUE","","1","",""
"WMS_EDI_QUEUE_BACKUP","","1","",""
"WMS_ELABLE_ADDRESS","","1","",""
"WMS_ELABLE_DEF","","1","",""
"WMS_EMPLOYEE_WGC","","1","",""
"WMS_FULLPACK_BARCODE_LST","","1","",""
"WMS_GOODSCODE","","1","",""
"WMS_GOODSOWNER_STATISTCS","","1","",""
"WMS_GOODSOWNER_TO_SECTION","货主专用分区表","1","LSTID","程宇哲"
"WMS_GOODSSTATUS","物流货品状态定义表","1","GOODSSTATUSID","程宇哲"
"WMS_GOODS_ALLOCATE_RULE","配货定位策略定义-总单","1","RULEID","陈瀚文"
"WMS_IN_ORDER_DTL","入库细单表","1","INDTLID","程宇哲"
"WMS_LOT_MODIFY_LST","","1","",""
"WMS_OPERATION_TO_SECTION","","1","",""
"WMS_OUT_ORDER","物流出库订单管理-总单","1","OUTID","陈瀚文"
"WMS_OUT_ORDER_DTL","物流出库订单管理-细单","1","OUTDTLID","陈瀚文"
"TPRICE_GO_TRANS_DTL","","1","",""
"TPRICE_JOB_TYPE","","1","",""
"TPRICE_MODEL_DOC","","1","",""
"TPRICE_MODEL_JOB","","1","",""
"TPRICE_MODEL_STORE","","1","",""
"TPRICE_MODEL_TRANS","","1","",""
"TPRICE_PRICE_TYPE","","1","",""
"TPRICE_STORE_TYPE","存储计费项目定义","1","STORETYPEID","陈瀚文"
"TPRICE_TRANS_REGION","","1","REGIONID",""
"TPRICE_USEDAY","逻辑日定义","1","USEDAYID","陈瀚文"
"WCS_TO_WMS_ALL","","1","",""
"WMS_BARCODE2V_DOC","","1","",""
"WMS_BARCODE2V_MODE","","1","MODEID",""
"WMS_BOX_DOC","装箱管理-总单","1","DOCID","陈瀚文"
"WMS_BOX_DTL","装箱管理-细单","1","DTLID","陈瀚文"
"WMS_CANCEL_JOB_LST","","1","",""
"WMS_CHANNEL_DEF","","1","",""
"WMS_CHANNEL_DTL","","1","",""
"WMS_CONTAINER_DEF","容器定义表","1","CONTAINERID","程宇哲"
"WMS_DATACHECK_DOC","","1","",""
"WMS_DATACHECK_DTL","","1","",""
"WMS_DATACHECK_TYPE","","1","",""
"WMS_DATAIMP_DOC","","1","",""
"WMS_DEVICE_DEF","","1","",""
"WMS_DEVICE_DPS_SETUP","","1","",""
"WMS_DEVICE_DRIVER_INFO","","1","",""
"WMS_DEVICE_SETUP","","1","",""
"WMS_DEVICE_WCS_SETUP","","1","",""
"WMS_GOODS_ALLOCATE_RULE_DTL","配货定位策略定义-细单","1","RULEDTLID","陈瀚文"
"WMS_GOODS_CENTER_PACK","","1","GOODSPACKID",""
"WMS_GOODS_CHECK_RULE","","1","",""
"WMS_GOODS_DEF_POS","分区默认货位表","1","DEFID","程宇哲"
"WMS_GOODS_LOT","货品批号信息查询","1","LOTID","陈瀚文"
"WMS_GOODS_LOT_CONSERVE","","1","",""
"WMS_GOODS_PICK_STATISTICS","","1","",""
"WMS_GOODS_QTYLIMIT_DEF","分区存储设备上下限","1","DEFID","程宇哲"
"WMS_GOODS_STORE_RULE","存储策略定义","1","RULEID","程宇哲"
"WMS_GOODS_STORE_RULE_DTL","","1","",""
"WMS_GROUP_MAN","作业人员表","1","GROUPMANID","程宇哲"
"WMS_HIS_PATCH","","1","",""
"WMS_HOSPITAL","","1","",""
"WMS_HOSTDISTRICT","","1","",""
"WMS_INSTANS_MANGE_DOC","","1","",""
"WMS_INSTANS_MANGE_DTL","","1","",""
"WMS_INSTANS_REF","","1","",""
"WMS_IN_ORDER","入库单表","1","INID","程宇哲"
"WMS_OUT_ORDER_LOT_DTL","","1","",""
"WMS_OUT_PRINT_SET","出库标签打印方案名称设置","1","SEQID","陈瀚文"
"WMS_PACKSEQ_LST","","1","",""
"WMS_PACK_MODIFY_LST","","1","",""
"WMS_PICKAREA","拣货工作区定义-总单","1","PICKAREAID","陈瀚文"
"WMS_PICKAREA_POS_DEF","拣货工作区定义-细单","1","DEFID","陈瀚文"
"WMS_PICKFLOW","","1","PICKFLOWID","程宇哲"
"WMS_POS_CHANGE_RECORD","","1","",""
"WMS_POS_COLLECT","","1","",""
"WMS_POS_COLLECT_DEF","","1","",""
"WMS_POS_COLLECT_DTL","","1","",""
"WMS_POS_DEF","仓库区域货位明细表","1","POSID","程宇哲"
"WMS_POS_TYPE","","1","TYPEID","程宇哲"
"WMS_PROC_QTY_CUT_DTL","","1","",""
"WMS_QTY_CUT","","1","",""
"WMS_QTY_CUT_DTL","","1","",""
"WMS_QTY_CUT_PLAN","计划盘点管理-总单","1","PLANID","陈瀚文"
"WMS_RECEIVE_DETAIL","","1","",""
"WMS_RECEIVE_DOC","","1","",""
"WMS_RECEIVE_DTL","验收管理细单表","1","RECEIVEID","程宇哲"
"WMS_RECEIVE_DTL_77","","1","",""
"TPL_FORBIT_LST","禁进限销细单表","1","KEYID","程宇哲"
"TPL_GOODS","货品表","1","OWNERGOODSID","程宇哲"
"TPL_GOODSOWNER","货主表","1","GOODSOWNERID","程宇哲"
"TPL_GOODSOWNER_BOXSET","货主综合信息-装箱策略表","1","KEYID","程宇哲"
"TPL_GOODS_DIFFERENCE","货品信息差异表","1","PRIMERKEY","程宇哲"
"TPL_GOODS_LOTNO_PRINT","","1","",""
"TPL_GOODS_PACKS","","1","",""
"TPL_GO_COMPANY","货主单位信息主表","1","COMPANYID","程宇哲"
"TPL_GO_COMPANY_MAN","单位人员信息表","1","SEQID","程宇哲"
"TPL_INVOICE_DOC","货主发票入库-总单","1","INVID","陈瀚文"
"TPL_INVOICE_TRANS","","1","",""
"TPL_IN_ORDER","","1","",""
"TPL_LICENSE","注册证管理","1","LICENSEID","陈瀚文"
"TPL_OUT_ORDER","","1","",""
"TPL_OUT_ORDER_DTL","","1","",""
"BI_COM_CATEGORY","","1","",""
"BI_COM_DOC","","1","",""
"BI_COM_DTL_PARAM","","1","",""
"BI_COM_DTL_STRUCT","","1","",""
"BI_COM_STRUCT","","1","",""
"BI_DDL_DOC","","1","",""
"BI_DDL_DTL","","1","",""
"BI_PAGE_DOC","","1","",""
"BI_PAGE_DTL_COM","","1","",""
"BI_PAGE_DTL_CON","","1","",""
"BI_USER_MODULES","","1","",""
"CC_VEHICLE_POINT","","1","",""
"CC_WARN_PROC","","1","",""
"DPS_TO_WMS","","1","",""
"DPS_TO_WMS_BAK","","1","",""
"FILES_RENAME_RULE","","1","",""
"FILES_UPLOAD_RECORD","","1","",""
"GSP_CONSERVE_DOC","","1","",""
"GSP_CONSERVE_DTL","","1","",""
"GSP_CONSERVE_PLAN_DOC","","1","",""
"GSP_CONSERVE_PLAN_DTL","","1","",""
"GSP_CORPORATION_CONSIGN","法人委托书","1","CONSIGNID","陈瀚文"
"TPL_ERP_CONN_LST","货主接口连接状态","1","GOODSOWNERID","陈瀚文"
"TPL_EXPORT_ORDER","货主出库订单管理-总单","1","EXPORDERID","陈瀚文"
"TPL_EXPORT_ORDER_DTL","货主出库订单管理-细单","1","EXPORDERDTLID","陈瀚文"
"TPL_FIRSTSALES_REPORT","","1","",""
"T310_HIS","","1","",""
"T360","","1","",""
"T390","","1","",""
"T400","","1","",""
"T400_HIS","","1","",""
"T500","","1","",""
"T610","","1","",""
"T610_HIS","","1","",""
"TMS_AREA_CODE","","1","",""
"TMS_DELIVERY_DOC","","1","",""
"TMS_DISPATCH_COST","","1","",""
"TMS_DISPATCH_DOC","","1","",""
"TMS_DISPATCH_IN_TRANSIT","","1","",""
"TMS_DRIVER","","1","",""
"TMS_OUT_EMPLOYEE","","1","",""
"TMS_PARK","","1","",""
"TMS_PARK_LST","","1","",""
"TMS_ROUTE_POS","","1","",""
"TMS_SUBCONTRACT_COST","","1","",""
"TMS_SUBCONTRACT_COST_DTL","","1","",""
"TMS_SUBCONTRACT_DOC","","1","",""
"TMS_SUBCONTRACT_DTL","","1","",""
"TMS_TERRACE","","1","",""
"TMS_TRANSIT_POS","","1","",""
"TMS_TR_DOC","","1","",""
"TMS_VEHICLE_GAS","","1","",""
"TMS_VEHICLE_MAINTAIN","","1","",""
"TMS_VEHICLE_RECORD","","1","",""
"TMS_VEHICLE_TYPE","车辆类型表","1","VEHICLETYPEID","程宇哲"
"TPLA_SWAP_DATA_CFG","货主接口方案配置-细表","1","LSTID","陈瀚文"
"TPL_CB_COST","","1","",""
"TPL_CB_COST_DTL","","1","",""
"TPL_CB_EXPENSE_ITEM","","1","",""
"TPL_CB_LST","","1","",""
"TPL_CB_OPGDS_LST","","1","",""
"TPL_CB_OPGG_TATISTICS","","1","",""
"TPL_CB_OPGO_LST","","1","",""
"TPL_CB_OP_APPORTIONMENT","","1","",""
"TPL_CB_OP_STATISTICS","","1","",""
"TPL_CB_STGDS_LST","","1","",""
"TPL_CB_STGG_LST","","1","",""
"TPL_CB_STGO_LST","","1","",""
"TPL_CB_ST_STATISTICS","","1","",""
"TPL_CB_TRANS_REGION_LST","","1","",""
"TPL_CB_TRANS_STATISTICS","","1","",""
"TPL_CONSOLE_OPERATOR","","1","",""
"TPL_CUST_RETVISIT_LST","","1","",""
"TPL_CUST_SERVICE_LST","","1","",""
"TPL_DAYCUT_SETUP","","1","",""
"TPL_DAYCUT_TASK","","1","",""
"TPL_DDL_TO_DIC","","1","",""
"TPL_EDI_QUEUE","","1","",""
"TPL_EDI_QUEUE_BACKUP","","1","",""
"NP_ERROR","","1","",""
"NP_ERROR_DTL","","1","",""
"NP_FILEGROUP","","1","",""
"NP_HOV","","1","",""
"NP_HOV_AP","","1","",""
"NP_LOG","","1","",""
"NP_LOGIN_LOG","","1","",""
"NP_MAC","","1","",""
"NP_MAC_REQ","","1","",""
"NP_MESSAGE","","1","",""
"NP_MESSAGE_DTL","","1","",""
"NP_MESSAGE_GROUP","","1","",""
"NP_MESSAGE_GROUP_USER","","1","",""
"NP_MESSAGE_QUEUE","","1","",""
"NP_MESSAGE_USER","","1","",""
"NP_MESSAGE_USER_HISTORY","","1","",""
"NP_MODULE","","1","",""
"NP_OP","","1","",""
"NP_OP_AP","","1","",""
"NP_PROD","","1","",""
"NP_QF","","1","",""
"NP_QF_ACTION","","1","",""
"NP_QF_DATA","","1","",""
"NP_QF_DISABLE_ACTION","","1","",""
"NP_QF_INSTANCE","","1","",""
"NP_QF_INSTANCE_DTL","","1","",""
"NP_QF_NODE","","1","",""
"NP_QF_NODE_AUTH","","1","",""
"NP_ROLE","角色定义-总单","1","ROLEID","陈瀚文"
"NP_ROLE_OP","角色定义-细单","1","ROLEOPID","陈瀚文"
"NP_ROLE_PUSH","","1","",""
"NP_RUNOP_LOG","","1","",""
"NP_SERVICE","","1","",""
"NP_SETSELECT_DEF","","1","",""
"NP_SHORTMSG_SETTING","","1","",""
"NP_SUBREPORT","","1","",""
"NP_TIMER_LOG","","1","",""
"NP_UPDATE_LOG","","1","",""
"NP_UPDATE_REG","","1","",""
"NP_USER_OP","","1","",""
"NP_USER_VIEW","","1","",""
"NP_USER_VIEW_DTL","","1","",""
"NP_USER_VIEW_EXPR","","1","",""
"NP_WF_APPROVESTATUS","","1","",""
"NP_WF_DATAITEM","","1","",""
"NP_WF_DEFINE","审批流程管理-总单","1","WFID","陈瀚文"
"NP_WF_DEMO_FEE","","1","",""
"NP_WF_DEMO_FEE_LIMIT","","1","",""
"NP_WF_INSTANCE","","1","",""
"NP_WF_NODE","审批流管理-细单","1","WFNODEID","陈瀚文"
"NP_WF_NODE_CURRENT","","1","",""
"NP_WF_NODE_CURRENT_EMPLOYEEID","","1","",""
"NP_WF_NODE_CURRENT_ROLEID","","1","",""
"NP_WF_NODE_DATA","","1","",""
"NP_WF_NODE_EMPLOYEEID","","1","",""
"NP_WF_NODE_INSTANCE","","1","",""
"NP_WF_NODE_REF_EMPLOYEEID","","1","",""
"NP_WF_NODE_ROLEID","","1","",""
"NP_WF_QUEUE","","1","",""
"NP_WF_ROLE_AP","","1","",""
"PUBSRV_MANAGER","","1","",""
"PUB_COMPANY","单位主档表","1","COMPANYID","程宇哲"
"PUB_DDL","","1","",""
"PUB_DDL_DTL","","1","",""
"PUB_EMPLOYEE_ROLE","","1","",""
"PUB_ENTRY","","1","",""
"PUB_GOODS_SET","货品集合信息表","1","SETID","程宇哲"
"PUB_GOODS_SET_DTL","货品集合查询管理","1","SETDTLID","陈瀚文"
"PUB_SERIALNO","","1","",""
"PUB_SERIALNO_DTL","","1","",""
"RF_OP","RF功能表","1","OPID","程宇哲"
"SYS_COLUMN_CN","","1","",""
"SYS_DDL","","1","",""
"SYS_DDL_DTL","","1","",""
"SYS_NO_INSTANCE","","1","",""
"SYS_TABLE_CN","","1","",""
"T101","","1","",""
"T101_HIS","","1","",""
"T102","","1","",""
"T102_HIS","","1","",""
"T103","","1","",""
"T103_HIS","","1","",""
"T201","","1","",""
"T201_HIS","","1","",""
"T301","","1","",""
"T301_HIS","","1","",""
"T302_HIS","","1","",""
"T310","","1","",""
"HIS_PDAOUT_CODE","","1","",""
"HIS_PDAOUT_DOC","","1","",""
"HIS_PLANTOGOODS_CODE","","1","",""
"HIS_PURCHASEPLAN_CODE","","1","",""
"HIS_PURCHASEPLAN_DOC","","1","",""
"HIS_PURCHASEPLAN_DTL","","1","",""
"HIS_RECIEVE_TMP","","1","",""
"HIS_SALEINFO","","1","",""
"IMP_WMS_STQTY_DOC","","1","",""
"IMP_WMS_STQTY_DTL","","1","",""
"INF_GOODSOWNER_QTY_DAY_CUT","","1","",""
"INF_WAREH_QTY_DAY_CUT","","1","",""
"INTER_FINISH","","1","",""
"INTER_FINISH_ALL","","1","",""
"INTER_FINISH_BAK","","1","",""
"INTER_WCS_TASK","","1","",""
"INTER_WCS_TASK_BAK","","1","",""
"INTER_WMS_TASK","","1","",""
"INTER_WMS_TASK_BAK","","1","",""
"LY_PACK_LWH_WMS1","","1","",""
"LY_WMS_STATICPOS","","1","",""
"NPBI_BASETABLE_COLUMN","","1","",""
"NPBI_DS","","1","",""
"NPBI_INSTANCE","","1","",""
"NPBI_REPORT_DEF","","1","",""
"NPBI_TEST","","1","",""
"NPBI_VIEW","","1","",""
"NP_AUTHAREA","","1","",""
"NP_AUTHAREA_DEPT","","1","",""
"NP_AUTHAREA_HOV_AP","","1","",""
"NP_AUTHAREA_OPAP","","1","",""
"NP_AUTHAREA_ROLE","","1","",""
"NP_AUTHAREA_ROLEOP","","1","",""
"NP_CONFIG","","1","",""
"NP_EFILES_DIR","","1","",""
"NP_EFILES_DIR_AUTH","","1","",""
"NP_EFILES_FILE","","1","",""
"NP_EFILES_FILE_AUTH","","1","",""
"NP_EFILES_LOG","","1","",""
"NP_EFILES_OP","","1","",""
"NP_EFILES_OP_FILE","","1","",""
"NP_EFILES_ORDER","","1","",""
"NP_EFILES_PARAM","","1","",""
"NP_EMPLOYEE_ROLE","","1","",""
"GSP_QUALITY_PROTOCOL","质量保证协议书","1","PROTOCOLID","陈瀚文"
"GSP_SABACK_CHECK","","1","",""
"GSP_ST_CHECK","","1","",""
"GSP_ST_HUM_TEM","库内温湿度记录查询","1","HUMTEMID","陈瀚文"
"GSP_ST_IO_RECORD","货品出库复核记录查询","1","INOUTID,NOWLFLAG","陈瀚文"
"GSP_TAX_REGISTRATION","税务登记证","1","SEQID","陈瀚文"
"GTOE_CANCEL_JOB_LST","","1","",""
"GTOE_COMPANY","","1","",""
"GTOE_EXPORT_ORDER","","1","",""
"GTOE_EXPORT_ORDER_DTL","","1","",""
"GTOE_GOODS","","1","",""
"GTOE_INSTANS","","1","",""
"GTOE_PURCHASE_ORDER","","1","",""
"GTOE_PURCHASE_ORDER_DTL","","1","",""
"GTOE_QTY_CUT","","1","",""
"HIS_HOSPITAL","","1","",""
"GSP_CORPORATION_SHOPCARD","企业法人营业执照","1","CARDID","陈瀚文"
"GSP_DRUG_MANAGE","麻药经营批件","1","DRUGID","陈瀚文"
"GSP_EQUIPMENT","","1","",""
"GSP_EQUIPMENT_MAINTAIN","","1","",""
"GSP_EQUIPMENT_USED","","1","",""
"GSP_GOODSMAIN","","1","",""
"GSP_GSMP_PERMIT","gsp/gmp认证证书","1","GSMPID","陈瀚文"
"GSP_HEALTHY_PERMIT","卫生许可证","1","HEALTHYID","陈瀚文"
"GSP_MEDORG_CERTIFY_PERMIT","医疗机构执业许可证","1","MEDORGID","陈瀚文"
"GSP_MED_MANAGE_PERMIT","药品经营许可证","1","MEDID","陈瀚文"
"GSP_PHYSIC_QUALITY_CHECK","货品质量验收记录查询","1","CHECKID,WAREHID","陈瀚文"
"WMS_ST_MV_CFG","移位上传设置","1","SEQID","陈瀚文"
"WMS_ST_QTY_DAY_LST","","1","",""
"WMS_ST_QTY_LST","货品数量表","1","WAREHID,GOODSOWNERID,OWNERGOODSID,GOODSID,GOODSPACKID,POSID,BATCHNO,LOTID,GOODSSTATUSID","程宇哲"
"WMS_SWAP_DATA_CFG","","1","",""
"WMS_TASK_DOC","","1","TASKID","程宇哲"
"WMS_TASK_DTL","","1","",""
"WMS_TO_DPS","","1","",""
"WMS_TO_DPS_BAK","","1","",""
"WMS_TO_WCS_ALL","","1","",""
"WMS_TPL_ST_IO_DOC","","1","",""
"WMS_TRADE_DTL","库内移位单管理-细单","1","TRADEDTLID","陈瀚文"
"WMS_TRADE_ORDER","库内移动单管理-总单","1","TRADEID","陈瀚文"
"WMS_TRANSPORT_ADDRESS","","1","TRANSID",""
"WMS_TRANSPORT_MODE","","1","TRANSMODEID","程宇哲"
"WMS_TR_ROUTE","","1","",""
"WMS_TURNBOX_DOC","周转箱任务管理-总单","1","BOXDOCID","陈瀚文"
"WMS_TURNBOX_DOC_635","","1","",""
"WMS_TURNBOX_TO_BOX_REL","","1","",""
"WMS_TURNOVER_LST","","1","",""
"WMS_WAVE_DOC","波次管理","1","WAVEDOCID",""
"WMS_WAVE_LOG","","1","",""
"WMS_WAVE_RELEASE_PLAN","波次释放计划管理","1","SEQID","陈瀚文"
"YJD_IPCONFIG","","1","",""
"ZX_OUT_LABEL_PRINT","","1","",""
"ZX_RECEIPT_CHECKDETAIL","","1","",""
"ZX_SALES_INVNO","","1","",""
"ZX_SALES_INVNO_HIS","","1","",""
"ZX_WMS_CUSTOM_DAYSEQ","","1","",""
"ZX_WMS_GOODS_PRINTUNIT","","1","",""
"ZX_WMS_TRADE_DTL","","1","",""
"WMS_RECEIVE_GOODSSTATUS_TMP","","1","",""
"WMS_RESOURCE_MONITOR","","1","",""
"WMS_RESPONSE","","1","",""
"WMS_RESPONSE_TYPE","","1","",""
"WMS_RF_MAC","","1","",""
"WMS_RF_OPERATOR","","1","EMPLOYEEID","程宇哲"
"WMS_RF_REG","","1","",""
"WMS_RULING_LST","","1","",""
"WMS_RULING_LST_DTL","","1","",""
"WMS_SAMPLING_ADDRESS","","1","",""
"WMS_SAMPLING_POINT","","1","",""
"WMS_SHIP_ZONE","集货区域定义","1","ZONEID","陈瀚文"
"WMS_SHIP_ZONE_OF_RULE","溢出集货区域设置","1","RULEID","陈瀚文"
"WMS_SHIP_ZONE_PICKFLOW_RULE","集货区域流水线设置","1","RULEID","陈瀚文"
"WMS_SHIP_ZONE_POS","集货区域货位表","1","SHIPPOSID","陈瀚文"
"WMS_SHIP_ZONE_POS_RULE","集货区域货位存放设置","1","RULEID","陈瀚文"
"WMS_SHIP_ZONE_RULE","集货区域存放设置","1","RULEID","陈瀚文"
"WMS_STATE_SECTION","","1","",""
"WMS_ST_AREA_DEF","","1","AREAID","程宇哲"
"WMS_ST_CONTAINER_LINE","","1","",""
"WMS_ST_IO_DOC","","1","INOUTID","程宇哲"
"BMS_SK_COSTINGPRICE_DEF_LST","","1","",""
"ZX_GOODS_FEATURE_BAK","","1","",""
"GSP_GOODS_UNQUALIFIED","","1","",""
"GSP_QUALITY_FEEDBACK","","1","",""
"ZX_TWOBOXING","","1","",""
"ZX_YJBGS_PRINTFLAG","","1","",""
"PK","","1","",""
"QRTZ_JOB_DETAILS","","1","",""
"T_WCS_TO_WMS_BOXBIND","","1","",""
"T_WCS_TO_WMS_BOXBIND_BAK","","1","",""
"T_WCS_TO_WMS_DZBQFINISH","","1","",""
"T_WCS_TO_WMS_DZBQFINISH_BAK","","1","",""
"T_WCS_TO_WMS_WORKFINISH","","1","",""
"T_WCS_TO_WMS_WORKFINISH_BAK","","1","",""
"TMP_IP","","1","",""
"QRTZ_JOB_LISTENERS","","1","",""
"QRTZ_TRIGGERS","","1","",""
"QRTZ_SIMPLE_TRIGGERS","","1","",""
"QRTZ_CRON_TRIGGERS","","1","",""
"QRTZ_BLOB_TRIGGERS","","1","",""
"QRTZ_TRIGGER_LISTENERS","","1","",""
"QRTZ_CALENDARS","","1","",""
"QRTZ_PAUSED_TRIGGER_GRPS","","1","",""
"QRTZ_FIRED_TRIGGERS","","1","",""
"QRTZ_SCHEDULER_STATE","","1","",""
"QRTZ_LOCKS","","1","",""
"GTOE_ADDRESS","","1","",""
"ZX_WMS_PRINTBARCODE","","1","",""
"T302","","1","",""
"TPL_SYS_LOG","接口日志信息查询","1","LOGID","陈瀚文"
"BI_COMMONCOM_ROLE_V","","2","",""
"BI_COMMONCOM_V","","2","",""
"BI_COMPONENT_V","","2","",""
"BI_COM_CATEGORY_V","","2","",""
"BI_COM_DOC_V","","2","",""
"BI_COM_DTL_PARAM_V","","2","",""
"BI_COM_DTL_STRUCT_V","","2","",""
"BI_COM_STRUCT_V","","2","",""
"BI_DDL_DOC_V","","2","",""
"BI_DDL_DTL_V","","2","",""
"BI_DRIVER_WORKJOB_TOTAL_V","","2","",""
"BI_DRUGS_NEAR_EXPIRATION_V","","2","",""
"BI_GOODS_OUT_QTY_V","","2","",""
"BI_GOODS_QTY_LST_V","","2","",""
"BI_GOODS_TOTAL_QTY_V","","2","",""
"BI_INSIDE_WORK_COUNT_DTL_V","","2","",""
"BI_INSIDE_WORK_COUNT_V","","2","",""
"BI_PAGE_DOC_V","","2","",""
"BI_PAGE_DTL_COM_V","","2","",""
"BI_PAGE_DTL_CON_V","","2","",""
"BI_RECEIVE_COUNT_V","","2","",""
"BI_STOP_SALES_V","","2","",""
"BI_USER_MODULE_USED_V","","2","",""
"BI_WORK_JOB_TOTAL_ANALYSIS_V","","2","",""
"BI_WORK_JOB_TOTAL_V","","2","",""
"BMS_WF_INSTANCE_QRY_V","","2","",""
"CC_VEHICLE_POINT_V","","2","",""
"CC_WARN_PROC_V","","2","",""
"GSP_APPLIANCE_MANAGE_PERMIT_V","","2","",""
"GSP_APPLIANCE_PRODUCT_PERMIT_V","","2","",""
"GSP_CONSERVE_DOC_V","","2","",""
"GSP_CONSERVE_DTL_V","","2","",""
"GSP_CONSERVE_PLAN_DOC_V","","2","",""
"GSP_CONSERVE_PLAN_DTL_V","","2","",""
"GSP_CONSERVE_V","","2","",""
"TPLA_WMS_GOODSGROUP_ADD_V","","2","",""
"TPLA_WMS_GOODSGROUP_DEL_V","","2","",""
"TPLA_WMS_GOODSGROUP_FEEDBACK_V","","2","",""
"TPL_EDI_QUEUE_GOODSGROUP_V","","2","",""
"TPL_EDI_QUEUE_T340_V","","2","",""
"TPL_EDI_QUEUE_T410_V","","2","",""
"TPL_EDI_QUEUE_V","","2","",""
"TPL_GO_COMPANY_TMS_V","","2","",""
"TPL_OWNERGOODS_PACKS_V","","2","",""
"TPL_ST_QTY_LST_V1","","2","",""
"T_DESTROYMESSAGE_V","","2","",""
"V_TMP","","2","",""
"WMS2ZSPT_IN_V","","2","",""
"WMS2ZSPT_OUT_V","","2","",""
"WMS_APPKEY_MANAGE_V","","2","",""
"WMS_DESTROY_ORDER_DTL_V","","2","",""
"WMS_DESTROY_ORDER_V","","2","",""
"WMS_ECODE_RECORD_V2","","2","",""
"WMS_GOODSGROUP_DTL_RF_V","","2","",""
"WMS_GOODSGROUP_ORDER_DTL_V","","2","",""
"WMS_GOODSGROUP_ORDER_V","","2","",""
"WMS_GOODSSTATUS_V1","","2","",""
"WMS_IN_ORDER_V20171213","","2","",""
"WMS_ST_IO_DOC_V1","","2","",""
"WMS_ST_IO_DOC_XYUE_V","","2","",""
"WMS_ST_QTY_LST_CONSERVE_V","","2","",""
"WMS_ST_QTY_LST_HIS_V","","2","",""
"WMS_TRANSPORT_ADDRESS_TMS_V","","2","",""
"WMS_ZSPT_IN_V","","2","",""
"WMS_ZSPT_OUT_V","","2","",""
"XYUE_TMP_WMS_ROBO_DIFFQTY_V","","2","",""
"XYUE_TMP_WMS_ROBO_DIFFQTY_V1","","2","",""
"XYUE_TMP_WMS_ROBO_DIFFQTY_V2","","2","",""
"ZX_700006_DOC_V","","2","",""
"ZX_700006_DTL_V","","2","",""
"ZX_700006_V","","2","",""
"ZX_700007_V","","2","",""
"ZX_710012_V","","2","",""
"ZX_710013_V","","2","",""
"ZX_710023_V","","2","",""
"ZX_710024_V","","2","",""
"ZX_710025_V","","2","",""
"ZX_710026_V","","2","",""
"ZX_710027_V","","2","",""
"ZX_710028_V","","2","",""
"ZX_710029_V","","2","",""
"ZX_710030_V","","2","",""
"ZX_710031_V","","2","",""
"ZX_710033_V","","2","",""
"ZX_710034_V","","2","",""
"ZX_710037_TMP_V2_V","","2","",""
"ZX_710037_V","","2","",""
"ZX_710038_V","","2","",""
"ZX_710039_V","","2","",""
"ZX_710042_V","","2","",""
"ZX_710043_V","","2","",""
"ZX_710044_V","","2","",""
"ZX_710045_V","","2","",""
"ZX_710047_V","","2","",""
"ZX_710051_V","","2","",""
"ZX_710052_V","","2","",""
"ZX_800002_V","","2","",""
"ZX_CHAINRECEIPT_V","","2","",""
"ZX_EXPORTINV20200213_V","","2","",""
"ZX_FYJK_V","","2","",""
"ZX_FYJK_V2","","2","",""
"ZX_FYJK_V20180823","","2","",""
"ZX_FYJK_V3","","2","",""
"ZX_FYJK_V_BAK","","2","",""
"ZX_GOODSOWNER_EMPLOYEE_V","","2","",""
"ZX_HZMANAGER_V","","2","",""
"ZX_IMP_WMS_IO_RECORD","","2","",""
"ZX_INVOMSG_BGFLAG_V","","2","",""
"ZX_TL_BOX_V","","2","",""
"ZX_TL_GOODSPACKS_V","","2","",""
"ZX_TL_SHAREDPOS_GOODSNUMBER_V","","2","",""
"ZX_TL_SPEPOS_NEW_V","","2","",""
"ZX_TL_SPEPOS_V","","2","",""
"ZX_TL_TGFLAG_V","","2","",""
"ZX_TL_TGFLAG_V20190610","","2","",""
"ZX_TL_WMSQTY_POSGOODSNUMBER_V","","2","",""
"ZX_TL_WMSQTY_POSGOODSNUMBER_V1","","2","",""
"ZX_TL_WMS_QTY_POS_V","","2","",""
"ZX_WMS_CONSERVE_CONFIG_V","","2","",""
"ZX_WMS_CONSERVE_GOODS_V","","2","",""
"ZX_WMS_ST_QTY_LST20200213_V","","2","",""
"ZX_ZONE_GOODSOWNERID_RULE_V","","2","",""
"ZX_ZONE_ROUTEID_RULE_V","","2","",""
"ZX_ZONE_RULE_V","","2","",""
"ZX_ZPDJ_DOC_V","","2","",""
"ZX_ZPDJ_DTL_V","","2","",""
"ZX_ZYC_ZZXRWS_V","","2","",""
"XYUE_TMP_PD_CUTDATE","","1","",""
"WMS_OUT_GATHER_LST","","1","",""
"WMS_OUT_GATHER_LST_DTL","","1","",""
"WMS_UDI_PARSER_RULE","","1","RULEID",""
"WMS_UDI_PARSER_RULE_DTL","","1","",""
"BASE_GATHER_ZONE","集货区定义细单表","1","GATHERZONEID","程宇哲"
"BASE_GATHER_ROUTE","","1","",""
"BASE_GATHER_ZONE_POS","","1","",""
"WMS_UDI_CODE_RECORD","","1","",""
"XYUE_TMP_INOUTID","","1","",""
"XYUE_TMP_KCLOT","","1","",""
"XYUE_TMP_IOLOT","","1","",""
"XYUE_TMP_TRANSID","","1","",""
"OUT_GEN_INRECEIVE_DOC","","1","",""
"ZX_UDID_MSG_DEVICESTORAGE","","1","",""
"ZX_UDID_MSG_DEVICECLINICAL","","1","",""
"ZX_UDID_MSG_DEVICEPACKAGE","","1","",""
"ZX_UDID_MSG_CONTACTLIST","","1","",""
"ZX_UDID_MSG","","1","",""
"XYUE_TMP_DATE","","1","",""
"WMS_ST_QTY_LST_HIS2","","1","",""
"ZX_710026_ROUTE","","1","",""
"XYUE_TMP_SALESID","","1","",""
"TMP_ZH_TJB","","1","",""
"XYUE_ZHBB_GOODSID","","1","",""
"LLQ_TMP_TABLE","","1","",""
"XYUE_TMP_PD_GOODSID","","1","",""
"BASE_GATHER_ROUTE_V","","2","",""
"BASE_GATHER_ZONE_V","","2","",""
"BS_CHECK_ORDER_V","","2","",""
"BS_FH_ORDER_V","","2","",""
"BS_IN_ORDER_V","","2","",""
"BS_OUT_ORDER_V","","2","",""
"BS_STORAGE_V","","2","",""
"BS_TRADE_ORDER_V","","2","",""
"BS_TR_PACKNUM_V","","2","",""
"BS_WMS_CHECK_V","","2","",""
"BS_WMS_CHECK_V2","","2","",""
"BS_WMS_FH_V","","2","",""
"BS_WMS_FH_V2","","2","",""
"BS_WMS_IN_V","","2","",""
"BS_WMS_IN_V2","","2","",""
"BS_WMS_OUT_V","","2","",""
"BS_WMS_OUT_V2","","2","",""
"BS_WMS_STORAGE_V","","2","",""
"BS_WMS_STORAGE_V2","","2","",""
"BS_WMS_TRADE_V","","2","",""
"BS_WMS_TRADE_V2","","2","",""
"BS_WMS_TR_PACKNUM_V","","2","",""
"BS_WMS_TR_PACKNUM_V2","","2","",""
"BS_WMS_TR_PACKNUM_V_BAK","","2","",""
"BS_WMS_TR_PACKNUM_YLF_V","","2","",""
"BS_WMS_WORK_V","","2","",""
"BS_WMS_WORK_V2","","2","",""
"ESHOP_RESULT_V","","2","",""
"FZLYBS_IN_ORDER_DTL_V","","2","",""
"FZLYBS_IN_ORDER_DTL_V1","","2","",""
"FZLYBS_IN_ORDER_V","","2","",""
"FZLYBS_OUT_ORDER_DTL_V","","2","",""
"FZLYBS_OUT_ORDER_DTL_V1","","2","",""
"FZLYBS_OUT_ORDER_V","","2","",""
"FZLYBS_STORAGE_DOC_V","","2","",""
"FZLYBS_STORAGE_DOC_V1","","2","",""
"FZLYBS_STORAGE_DTL_V","","2","",""
"GSP_CONSERVE_PLAN_DTL_BAK_V","","2","",""
"IWCS_IN_ORDER_TEST_V","","2","",""
"IWCS_OUT_ORDER_DTL_CARTON_V","","2","",""
"IWCS_WBOX_MSG_V","","2","",""
"IWCS_WBOX_TOTAL_V","","2","",""
"IWCS_WMS_DIFFQTY_V","","2","",""
"IWCS_WMS_DIFFQTY_V1","","2","",""
"MSFX_ORDER_V","","2","",""
"MSFX_TRANSPORTTEMP_V","","2","",""
"OUT_GEN_INRECEIVE_DOC_V","","2","",""
"RF_INSCAN_V","","2","",""
"TMS_DISPATCH_DOC_XM_V","","2","",""
"TMS_TR_MONITOR_XM_V","","2","",""
"WMS_ECODE_IN_TO_OUT_V","","2","",""
"WMS_ECODE_OUT_TO_IN_V","","2","",""
"WMS_GOODS_LOT_MODIFY_V","","2","",""
"WMS_OUT_GATHER_LST_DTL_V","","2","",""
"WMS_OUT_GATHER_LST_V","","2","",""
"WMS_RECEIVE_DTL_AUTO_V","","2","",""
"WMS_ST_QTY_LST_CONSERVE_V1","","2","",""
"WMS_UDI_CODE_RECORD_V","","2","",""
"WMS_WAVE_DTL_710005_V","","2","",""
"ZX_710037_STORAGETYPE_V","","2","",""
"ZX_710046_V","","2","",""
"ZX_710053_V","","2","",""
"ZX_FYJK_TEST_V","","2","",""
"ZX_UDID_IN_ORDER_V","","2","",""
"ZX_UDID_IO_V","","2","",""
"ZX_UDID_OUT_ORDER_V","","2","",""
"ZX_UDID_PRIMARYDEVICEID_V","","2","",""
"RF_GROUP_OP","rf授权小组表","1","GROUPOPID","程宇哲"
"WMS_GOODS_FEATURE","物流拣货表","1","FEATUREID","程宇哲"
"TPL_GOODSOWNER_OPSET","货主综合信息-出入库选项设置表","1","KEYID","程宇哲"
"TPL_GOODSOWNER_ORDERSET","货主综合信息-波次发货合单表","1","KEYID","程宇哲"
"TPL_GOODSOWNER_RESPONSE_SET","货主综合信息-消息回传表","1","SEQID","程宇哲"
"TPL_CITY","城市维护表","1","CITYID","陈瀚文"
"TPL_INSPECTION_REPORT","货品检验报告书管理","1","INSPECTIONID","陈瀚文"
"TPL_RULING_LST_DTL","裁决申请管理-细单","1","DTLID","陈瀚文"
"TPL_GOODSOWNER_FIX","货主综合信息-货主设置","1","GOODSOWNERID","程宇哲"
"TPL_GO_CONNECTOR","货主综合信息-联系人信息","1","CONNID","程宇哲"
"WMS_AUTO_TASK_CONFIG_V","","2","",""
"WMS_AUTO_TASK_CONFIG","","1","",""
"NP_QF_INSTANCE_WAIT","快速审批","1","WAITID","陈瀚文"
"TMS_VEHICLE","车辆信息表","1","VEHICLEID","程宇哲"
"PUB_PRINTPOINT","自动打印管理","1","PRINTPOINTID","陈瀚文"
"TPL_QTY_DAY","与货主库存比对查询-总表","1","DAYID","陈瀚文"
"WMS_WAVE_GOODS_DTL","波次分配表-细单","1","WAVEGOODSDTLID","陈瀚文"
"TPL_INVOICE_DTL","货主发票领用-细单","1","INVDTLID","陈瀚文"
"TPRICE_USEMM_DTL","逻辑月定义-细单","1","USEMM,GOODSOWNERID","陈瀚文"
"API_50TMS_HEADER_V","","2","",""
"WCS_DEVICE_GOODS_IN","","1","",""
"WCS_DEVICE_GOODS_QTY","","1","",""
"WCS_DEVICE_GOODS_OUT","","1","",""
"WCS_DEVICE_GOODS_IN_V","","2","",""
"WCS_DEVICE_GOODS_OUT_V","","2","",""
"WCS_DEVICE_GOODS_QTY_V","设备配件库存","2","",""
"WMS_CODE_RULE","库内容器编码表","1","RULEID","程宇哲"
"XYUE_TMP_CODE","","1","",""
"ZX_TL_CHECK","","1","",""
"AUTO_TASK_CONFIG","","1","",""
"XYUE_TMP_CHANGEPOSID","","1","",""
"XYUE_TMP_ROUTEID","","1","",""
"API_TMP_CUSTOMER","","1","",""
"API_IMP_CUSTOMER","","1","",""
"API_TMP_IN_ORDER","","1","",""
"API_TMP_IN_ORDER_DTL","","1","",""
"API_IMP_IN_ORDER","","1","",""
"API_IMP_IN_ORDER_DTL","","1","",""
"API_TMP_OUT_ORDER","","1","",""
"API_TMP_OUT_ORDER_DTL","","1","",""
"TAIDE_WMS2SAP_DBRK","","1","",""
"TAIDE_WMS2SAP_KCZY","","1","",""
"TAIDE_WMS2SAP_SHTXD","","1","",""
"API_50TMS_CONFIG","","1","",""
"SYS_GOODSOWNER2WAREH_CONFIG","","1","",""
"API_50TMS_OUT_ORDER","","1","",""
"API_50TMS_OUT_ORDER_DTL","","1","",""
"XYUE_TMP_ERRPOSID","","1","",""
"XYUE_TMP_POSSEQ","","1","",""
"API_IMP_OUT_ORDER_DTL","","1","",""
"API_IMP_OUT_ORDER","","1","",""
"XYUE_TMP_UDI_CODE","","1","",""
"API_50TMS_ORDER_CHAINFLAG_V","","2","",""
"WMS_GOODS_REPLENISHMENT","补货策略表","1","SETUPID","程宇哲"
"API_50TMS_OUT_ORDER_DTL_V","","2","",""
"API_50TMS_OUT_ORDER_V","","2","",""
"API_IMP_CUSTOMER_RTN_V","","2","",""
"API_INORDERDTL_FINISH_V","","2","",""
"API_INORDER_FINISH_V","","2","",""
"API_OUTORDER_FINISH_V","","2","",""
"API_OUTPUT_WMS_QTY_LST_V","","2","",""
"API_TMS_TR_DOC_V","","2","",""
"API_WMS_QTY_LST_V","","2","",""
"AUTO_TASK_INIT_V","","2","",""
"AUTO_TASK_V_20220921","","2","",""
"AUTO_TASK_V_BAK","","2","",""
"WMS_GROUP_DEF","作业小组表","1","GROUPID","程宇哲"
"TAIDE_WMS2SAP_DBRK_V","","2","",""
"TAIDE_WMS2SAP_KCZY_V","","2","",""
"TAIDE_WMS2SAP_SHTXD_V","","2","",""
"V_SJMB_GOODSCUBAGE","","2","",""
"WCS_DEVICE_GOODS_INOUT_V","","2","",""
"GSP_MED_PRODUCT_PERMIT","药品生产企业许可证","1","PERMITID","陈瀚文"
"PUB_PRINTPOINT_DTL","自动打印管理-细单","1","SEQID","陈瀚文"
"TMS_DISPATCH_DTL","交接单回执管理","1","DISPATCHDTLID","陈瀚文"
"WMS_WAVE_MODEL_DEF","波次模板定义表","1","WAVEMODELID","陈瀚文"
"TPL_DRUGFORM","物流货品剂型定义","1","DRUGFORMID","陈瀚文"
"PUB_COMPANY_SET_DTL","客户集合查询管理细单","1","SETDTLID","陈瀚文"
"TPL_ST_QTY_DAY_LST","每日库存表","1","WAREHID,GOODSOWNERID,OWNERGOODSID,GOODSID,GOODSPACKID,BATCHNO,LOTID,GOODSSTATUSID,CREDATE","程宇哲"
"ZX_TL_DISPATCH_TMP","","1","",""
"XYUE_TMP_WAVEDTLID","","1","",""
"API_50TMS_WAVEDTL","","1","",""
"API_50TMS_TMP_DISPATCH","","1","",""
"API_50TMS_TMP_DISPATCH_DTL","","1","",""
"ZX_WATCH_STORAGECONDITION","","1","",""
"XYUE_TMP_DYF_YYY","","1","",""
"XYUE_IMP_DYFYYY_INORDER","","1","",""
"API_TMP_RXMSG_DOC","","1","",""
"API_TMP_RXMSG_DTL","","1","",""
"XYUE_TMP_SCXK","","1","",""
"XYUE_TMP_MAH","","1","",""
"API_50TMS_WAVEDTL_DTL_V","","2","",""
"API_50TMS_WAVEDTL_V","","2","",""
"API_TMP_RXMSG_DOC_V","","2","",""
"API_TMP_RXMSG_DTL_V","","2","",""
"MEDICALDEVICE_CONSERVE_V","","2","",""
"MEDICALDEVICE_INCHECK_V","","2","",""
"MEDICALDEVICE_OUTCHECK_V","","2","",""
"MEDICALDEVICE_OUT_V","","2","",""
"MEDICALDEVICE_RECEIVING_V","","2","",""
"MEDICALDEVICE_RETURNING_V","","2","",""
"MEDICALDEVICE_TRANSPORT_V","","2","",""
"TAIDE_WMS2SAP_SHTXD_DOC_V","","2","",""
"TAIDE_WMS2SAP_SHTXD_DTL_V","","2","",""
"TAIDE_WMS2SAP_SHTXD_PRINT_V","","2","",""
"XYUE_TMP_TDPRINT_V","","2","",""
"ZX_700017_V","","2","",""
"ZX_DTXF_ECODE_RECORD_V","","2","",""
"ZX_WATCH_STORAGECONDITION_V","","2","",""
"WMS_BARCODE2V_DTL","二维条码打印内容查询","1","SEQDTLID","陈瀚文"
"TPRICE_USEMM","逻辑月定义-总单","1","USEMM","陈瀚文"
"PUB_COMPANY_SET","客户集合查询管理-总单","1","SETID","陈瀚文"
"TPL_IN_ORDER_DTL","物流入库细单表","1","INDTLID","程宇哲"
"TPL_DISTRICT","区域维护表","1","DISTRICTID","陈瀚文"
"GSP_APPLIANCE_MANAGE_PERMIT","医疗器械经营企业许可证","1","APPLIANCEID","陈瀚文"
"WMS_ST_SECTION_DEF","存储分区表","1","SECTIONID","程宇哲"
"GSP_ORGANISE_CODE_PERMIT","组织机构代码证","1","CODEID","陈瀚文"
"WMS_GOODS_TO_SECTION","分区存储表","1","DEFID","程宇哲"
"GSP_CONSERVE","货品养护记录查询","1","CONSERVEID","陈瀚文"
"TPL_GOODSOWNER_TO_WAREHOUSE","货主综合信息-货主相关物流中心表","1","RELKEYID","程宇哲"
"GSP_LIQUID_QUALITY_CHECK","澄明度检验记录查询","1","CHECKID","陈瀚文"
"TPL_INVOICE_IN","货主发票入库-总单","1","KEYID","陈瀚文"
"GSP_WARE_COMPANY_LICENSE","","1","",""
"GSP_WARE_LICENSE_TYPE","","1","",""
"BS_BUSCOPE","","1","",""
"GSP_AC_WAREHOUSE_SCOPE","","1","",""
"GSP_AC_LICENSE_SCOPE","","1","",""
"GSP_AC_GOODS_LICENSE","","1","",""
"INTER_ERPTOWMS_LICENSE","","1","",""
"INTER_ERPTOWMS_LICENSE_TYPE","","1","",""
"BS_BUSCOPE_V","经营范围档案","2","",""
"BS_WMS_CHECK_V3","","2","",""
"BS_WMS_FH_V3","","2","",""
"BS_WMS_IN_V3","","2","",""
"BS_WMS_OUT_V3","","2","",""
"BS_WMS_STORAGE_V3","","2","",""
"BS_WMS_TRADE_V3","","2","",""
"BS_WMS_TR_PACKNUM_V3","","2","",""
"BS_WMS_WORK_V3","","2","",""
"GSP_AC_GOODS_LICENSE_V","","2","",""
"GSP_AC_LICENSE_SCOPE_V","","2","",""
"GSP_AC_WAREHOUSE_SCOPE_V","","2","",""
"GSP_WARE_COMPANY_LICENSE_V","","2","",""
"GSP_WARE_LICENSE_TYPE_V","","2","",""
"IWCS_GSP_ST_IO_RECORD_V","","2","",""
"XYUE_TMP_SUPPLYER","","1","",""
"XYUE_TMP_FC","","1","",""
"XYUE_TMP_CHANGELOTID","","1","",""
"WMS_GOODS_TO_POSTYPE","货位类型存储属性表","1","DEFID","程宇哲"
"ZX_TL_TPLGOODS_SUPPLYER","","1","",""
"WMS_GOODS_LOT_YJDFLAG","","1","",""
"XYUE_TMP_YISHAN_GOODSPACK","","1","",""
"XYUE_IMP_XGBZ","","1","",""
"ZX_TL_COMPANYCLASS","","1","",""
"ZX_TL_TMSVEHICLE_TMP","","1","",""
"ZX_SALES_INVNO_WB","","1","",""
"ZX_SALES_INVNO_WB_HIS","","1","",""
"ZX_WB_OUT_ORDER","","1","",""
"ZX_WB_OUT_ORDER_DTL","","1","",""
"ZX_710073_DTL","","1","",""
"XYUE_TMP_IMPPOSSEQ","","1","",""
"ZX_710076_DTL","","1","",""
"XYUE_IMP_JHPOS","","1","",""
"ZX_YZJ_GOODS","","1","",""
"XYUE_TMP_TEST1","","1","",""
"XYUE_TMP_TEST2","","1","",""
"WCS_DEVICE_GOODS","","1","",""
"XYUE_TMP_OWNERGOODSID","","1","",""
"XYUE_TMP_IMPPRICE","","1","",""
"XYUE_IMP_GXGOODS","","1","",""
"XYUE_IMP_GOODSCLASS","","1","",""
"XYUE_IMP_WB_IN_ORDER_DTL","","1","",""
"AUTO_BACKBILL_WAVEDTLID_V","","2","",""
"AUTO_TASK_TRADE_V","","2","",""
"AUTO_TASK_V","","2","",""
"FZLYBS_INBACK_DTL_V","","2","",""
"FZLYBS_INBACK_DTL_V1","","2","",""
"FZLYBS_INBACK_DTL_YZJ_V1","","2","",""
"FZLYBS_INBACK_ORDER_V","","2","",""
"FZLYBS_INBACK_ORDER_YZJ_V","","2","",""
"FZLYBS_IN_ORDER_DTL_YZJ_V1","","2","",""
"FZLYBS_IN_ORDER_YZJ_V","","2","",""
"FZLYBS_OUTBACK_DTL_V","","2","",""
"FZLYBS_OUTBACK_DTL_V1","","2","",""
"FZLYBS_OUTBACK_DTL_YZJ_V1","","2","",""
"FZLYBS_OUTBACK_ORDER_V","","2","",""
"FZLYBS_OUTBACK_ORDER_YZJ_V","","2","",""
"FZLYBS_OUT_ORDER_DTL_YZJ_V1","","2","",""
"FZLYBS_OUT_ORDER_YZJ_V","","2","",""
"FZLYBS_PSMXCX_V","","2","",""
"FZLYBS_PSMXCX_V1","","2","",""
"FZLYBS_STORAGE_DOC_YZJ_V","","2","",""
"FZLYBS_STORAGE_DOC_YZJ_V1","","2","",""
"FZLYBS_TMS_TR_DOC_V","","2","",""
"FZLYBS_TMS_TR_DTL_V","","2","",""
"FZLYBS_TMS_TR_DTL_V1","","2","",""
"LYYYBS_WMS_WORK_V","","2","",""
"LYYY_WMS_CHECK_V","","2","",""
"LYYY_WMS_FH_V","","2","",""
"LYYY_WMS_IN_V","","2","",""
"LYYY_WMS_OUT_V","","2","",""
"LYYY_WMS_STORAGE_V","","2","",""
"LYYY_WMS_TRADE_V","","2","",""
"WCS_DEVICE_GOODS_V","设备配件基础数据维护","2","",""
"ZX_700009_V","","2","",""
"ZX_700010_V","","2","",""
"ZX_700011_V","","2","",""
"ZX_700012_V","","2","",""
"ZX_710071_V","","2","",""
"ZX_710072_V","","2","",""
"ZX_710073_DTL_V","","2","",""
"ZX_710074_V","","2","",""
"ZX_710076_DTL_V","","2","",""
"ZX_710076_V","","2","",""
"ZX_710082_V","","2","",""
"ZX_740001_V","","2","",""
"ZX_740002_V","","2","",""
"ZX_800003_V","","2","",""
"ZX_800004_V","","2","",""
"ZX_800007_V","","2","",""
"ZX_UDI_INBACK_V","","2","",""
"ZX_WB_OUT_ORDER_DTL_V","","2","",""
"ZX_WB_OUT_ORDER_V","","2","",""
"ZX_YSJJD_DTL_V","","2","",""
"ZX_YSJJD_DTL_V1","","2","",""
"ZX_YSJJD_V","","2","",""
"ZX_YSJJD_V1","","2","",""
"GSP_APPLIANCE_PRODUCT_PERMIT","医疗器械生产许可证","1","APPMITID","陈瀚文"
"TPRICE_TRANS_TYPE","物流车辆运输统计表","1","TRANSTYPEID","陈瀚文"
"WMS_BARCODE2V_MODE_DOC","二维码模板表","1","MODEDOCID","程宇哲"
"TPL_WAREHOUSE_SETUP","物流中心信息维护-物流中心车型表","1","KEYID","程宇哲"
"PUB_EMPLOYEE","员工表","1","EMPLOYEEID","程宇哲"
"TPL_BACK_REASON","退货原因表","1","BACKID","程宇哲"
"TPRICE_GOODS_TYPE","货品计费类型表","1","GOODSTYPEID","程宇哲"
"TPL_QTY_DAY_DTL","与货主库存对比查询","1","DAYDTLID","陈瀚文"
"WMS_QTY_CUT_PLAN_DTL","计划盘点管理-细单","1","PLANDTLID",""
"WMS_WAVE_DTL","波次分配表-细单","1","WAVEDTLID","陈瀚文"
"API_50TMS_ADDRESS_V","","2","",""
"BS_WMS_CHECK_TJ_V","","2","",""
"BS_WMS_FH_TJ_V","","2","",""
"BS_WMS_IN_TJ_V","","2","",""
"BS_WMS_OUT_TJ_V","","2","",""
"BS_WMS_STORAGE_TJ_V","","2","",""
"BS_WMS_WORK_TJ_V","","2","",""
"GSPWEB_QTY_LST_V","","2","",""
"XYUE_TMP_TRID","","1","",""
"TMS50_DISPATCH_DTL","","1","",""
"TMS50_DISPATCH_DOC","","1","",""
"XYUE_TMP_T301HIS","","1","",""
"API_50TMS_ADDRESS","","1","",""
"WMS_RECALL_LOT_REG","","1","",""
"XYUE_TMP_9102","","1","",""
"XYUE_TMP_9102_WMS","","1","",""
"XYUE_TMP_FETCHDTLID","","1","",""
"API_50TMS_ROUTEPOS_V","","2","",""
"INTER_CUSTOMER_V1","","2","",""
"INTER_GOODSOWNER_V1","","2","",""
"INTER_GOODS_V1","","2","",""
"INTER_SUPPLYER_V1","","2","",""
"OSGC_IWCS_CONFIG_V","","2","",""
"TMS_LUYAN_DISPATCH_V","","2","",""
"TMS_LUYAN_TR_DOC_SALER_V_BAK","","2","",""
"WMS_RECALL_LOT_REG_V","","2","",""
"WMS_GO_BILL_DOC","","1","",""
"API_ECODE_QUERY_V","","2","",""
"WMS_GO_BILL_DTL","","1","",""
"ZX_TL_6204_TMP","","1","",""
"ZX_710085","","1","",""
"XYUE_TMP_HFGOODSID","","1","",""
"WMS_WORKLOAD_DTL","","1","",""
"XYUE_TMP_KG","","1","",""
"XYUE_TMP_GOODSCUBAGE","","1","",""
"XYUE_TMP_TPL_GOODS_PACKS","","1","",""
"WMS_LUYAN_DEVGROUPCODE","","1","",""
"TMS_LUYAN_DEVGROUPCODE_DTL","","1","",""
"WMS_LUYAN_DEVGROUPCODE_DTL","","1","",""
"WMS_LUYAN_HUMITURE_RECORD","","1","",""
"CNBG_AIINFO","","1","",""
"WMS_WORK_CALENDAR","","1","",""
"CNBG_AIINFO_copy1","","1","",""
"XYUE_TMP_TMSTESTORDER","","1","",""
"BOND_WAREHOUSE_QTY_LST","","1","",""
"BOND_WAREHOUSE_OUTORDER","","1","",""
"BOND_WAREHOUSE_OUTORDERDTL","","1","",""
"BOND_WAREHOUSE_INORDER","","1","",""
"BOND_WAREHOUSE_INORDERDTL","","1","",""
"TRACK_OUT_ORDER_DISPATCHMSG","","1","",""
"XYUE_TMP_DEL_COMPANY","","1","",""
"TRACK_IN_ORDER_DTL","","1","",""
"XYUE_TMP_DEL_GOODS","","1","",""
"TRACK_OUT_ORDER_GOODSMSG","","1","",""
"XYUE_TMP_ST_QTY_LST","","1","",""
"WMS_GO_BILL_COST_DTL","","1","",""
"TRACK_IN_ORDER","","1","",""
"TRACK_OUT_ORDER_DTL","","1","",""
"XYUE_TMP_DISPATCHMSG","","1","",""
"XYUE_TMP_LYT_LST","","1","",""
"CHW_WMS_ACCOUNT_CHECK","","1","",""
"WMS_GO_BILL_COST_DOC","","1","",""
"TRACK_OUT_ORDER","","1","",""
"API_TR_QUERY_V","","2","",""
"API_UDICODE_QUERY_V","","2","",""
"BOND_WAREHOUSE_INORDERDTL_V","","2","",""
"BOND_WAREHOUSE_INORDER_V","","2","",""
"BOND_WAREHOUSE_OUTORDERDTL_V","","2","",""
"BOND_WAREHOUSE_OUTORDER_V","","2","",""
"BOND_WAREHOUSE_QTY_LST_V","保税仓库存查询视图","2","",""
"CDIWCS_WMS_DIFFQTY_V","","2","",""
"CDIWCS_WMS_DIFFQTY_V1","","2","",""
"CNBG_CAR_UPLOADHISTORYDATA_V","","2","",""
"CNBG_CAR_UPLOADREALDATA_V","","2","",""
"CNBG_INCUBATOR_UPLOADRAWDATA_V","","2","",""
"CNBG_LUYAN_TRDOC_V","","2","",""
"CNBG_TRANSPORT_NODE_V","","2","",""
"CNBG_WAREHOUSE_UPLOADRAWDATA_V","","2","",""
"LYWMS2TRACK_IN_ORDER_DTL_V","","2","",""
"LYWMS2TRACK_IN_ORDER_V","","2","",""
"LYWMS2TRACK_OUT_GOODSMSG_V","","2","",""
"LYWMS2TRACK_OUT_ORDER_DTL_V","","2","",""
"LYWMS2TRACK_OUT_ORDER_V","","2","",""
"WMS_GO_BILL_COST_DOC_V","","2","",""
"WMS_GO_BILL_COST_DTL_V","","2","",""
"WMS_GO_BILL_DOC_V","","2","",""
"WMS_GO_BILL_DTL_V","","2","",""
"ZX_18001_V","","2","",""
"ZX_18002_V","","2","",""
"ZX_18003_V","","2","",""
"ZX_19000_V","","2","",""
"ZX_19001_V","","2","",""
"ZX_19002_V","","2","",""
"ZX_19003_V","","2","",""
"ZX_19004_V","","2","",""
"ZX_19005_V","","2","",""
"ZX_19006_V","","2","",""
"ZX_19006_WMSECODE_V","","2","",""
"ZX_19007_V","","2","",""
"ZX_19008_V","","2","",""
"ZX_19009_V","","2","",""
"ZX_19010_V","","2","",""
"ZX_19011_V","","2","",""
"ZX_19012_V","","2","",""
"ZX_19013_V","","2","",""
"ZX_19014_V","","2","",""
"ZX_19015_V","","2","",""
"ZX_19016_V","","2","",""
"ZX_19017_V","","2","",""
"ZX_19018_V","","2","",""
"ZX_19019_V","","2","",""
"ZX_19020_V","","2","",""
"ZX_19101_V","","2","",""
"ZX_19102_V","","2","",""
"ZX_19103_V","","2","",""
"ZX_19104_V","","2","",""
"ZX_500008_V","","2","",""
"ZX_500009_V","","2","",""
"ZX_500010_V","","2","",""
"ZX_500011_V","","2","",""
"ZX_500012_V","","2","",""
"ZX_500013_V","","2","",""
"ZX_500014_V","","2","",""
"ZX_500015_V","","2","",""
"ZX_500016_V","","2","",""
"ZX_500017_V","","2","",""
"ZX_500018_V","","2","",""
"ZX_500019_V","","2","",""
"ZX_500020_V","","2","",""
"ZX_500021_V","","2","",""
"ZX_500022_V","","2","",""
"ZX_500023_V","","2","",""
"ZX_500024_V","","2","",""
"ZX_500025_V","","2","",""
"ZX_710085_V","","2","",""
"ZX_730002_V","","2","",""
"ZX_XYJK_V","","2","",""
"BOND_WAREHOUSE_INOUT_V","","2","",""
"LY_INORDER_DTL_WMSST","","1","",""
"LY_INORDER_DTL","","1","",""
"LY_INORDER_DTL_IWCSST","","1","",""
"LY_INORDER_FINISH","","1","",""
"KELUN_IMP_COMPANY","","1","",""
"KELUN_IMP_COMPANY_ADDITIONAL","","1","",""
"KELUN_IMP_COMPANY_BANKDATA","","1","",""
"KELUN_IMP_COMPANY_ADDRESS","","1","",""
"KELUN_IMP_COMPANY_SALESAREA","","1","",""
"KELUN_IMP_COMPANY_CONPANYDATA","","1","",""
"KELUN_IMP_LOSSES","","1","",""
"KELUN_IMP_LOSSES_ITEM","","1","",""
"KELUN_IMP_PURCHASE","","1","",""
"KELUN_IMP_PURCHASE_ITEM","","1","",""
"KELUN_IMP_SALE","","1","",""
"KELUN_IMP_SALE_ITEM","","1","",""
"TPL_PUB_GOODS_HIS","","1","",""
"TPL_PUB_GOODS_PACKS_HIS","","1","",""
"UPDATE_RECORD_GOODSMSG","","1","",""
"LY_API_IMP_GOODS_PACKS","","1","",""
"LY_API_IMP_GOODS","","1","",""
"ZX_710092","","1","",""
"ZX_710091","","1","",""
"LY_API_IMP_INORDER","","1","",""
"LY_API_IMP_INORDER_DTL","","1","",""
"LY_API_IMP_COMPANY","","1","",""
"LY_API_IMP_ADDRESS","","1","",""
"LY_API_INORDER_FINISH","","1","",""
"ZX_710093","","1","",""
"ZX_IMP_INORDER_GHL","","1","",""
"ZX_710095_DOC","","1","",""
"ZX_710095_DTL","","1","",""
"KELUN_EXP_SALE","","1","",""
"KELUN_EXP_SALE_ITEM","","1","",""
"LY_API_IMP_INVOMSG_PO","","1","",""
"ZX_WMS_TO_FENGBAO","","1","",""
"ZX_QX_GHFC_SPBH","","1","",""
"XYUE_TEST2","","1","",""
"GSP_EMPLOYEE_OP","","1","",""
"GSP_MANAGE_OP_LIST","","1","",""
"XYUE_CHANGE_LOT","","1","",""
"XYUE_8133COMPANY_20240827BAK","","1","",""
"XYUE_IMP_8133COMPANY","","1","",""
"XYUE_8133GOODS_20240827BAK","","1","",""
"XYUE_IMP_8133GOODS","","1","",""
"XYUE_XT_ORDER","","1","",""
"WMS_WORKLOAD_DTL_SC","","1","",""
"ZX_PURCHASE_INVNO","","1","",""
"ZX_PURCHASE_INVNO_HIS","","1","",""
"KELUN_IMP_SALE_ADDITIONAL","","1","",""
"XYUE_NDPCD","","1","",""
"LY_OUTORDER_FINISH","","1","",""
"LY_OUTORDER_DTL","","1","",""
"LY_OUTORDER_DTL_WMSST","","1","",""
"KELUN_CONFIG","","1","",""
"LY_OUTORDER_DTL_IWCSST","","1","",""
"LY_OUTORDER_DTL_PACKMSG","","1","",""
"XYUE_TMP_ORDERID","","1","",""
"TPL_GOODS_HIS","","1","",""
"TPL_GOODS_PACKS_HIS","","1","",""
"XYUE_CHANGE_PUBGOODSID_TMP","","1","",""
"XYUE_ERPGOODSID_IWCSFLAG","","1","",""
"XYUE_ERPGOODSID_IWCSFLAG1","","1","",""
"XYUE_MYFALE","","1","",""
"XYUE_MYFALE1","","1","",""
"XYUE_TMP_20241222","","1","",""
"XYUE_TMP_ADD_4201","","1","",""
"WMS_GOODS_FEATURE_HIS","","1","",""
"XYUE_TMP_2GOODSID","","1","",""
"XYUE_TMP_2GOODSID_OWNERGOODSID","","1","",""
"XYUE_ADD_PUBCOMPANY","","1","",""
"LY_GSP_QUALITY_FEEDBACK","","1","",""
"TEMP_BUSCOPE","","1","",""
"CHW_TMP_SECTION","","1","",""
"LY_API_IMP_INVOMSG","","1","",""
"XYUE_TMP_PD_GOODSID1","","1","",""
"XYUE_REBACK_GOODSID","","1","",""
"KELUN_EXP_PURCHASE","","1","",""
"XYUE_OUT_ORDER","","1","",""
"KELUN_IMP_GOODS_CHARACTERISTIC","","1","",""
"KELUN_EXP_PURCHASE_ITEM","","1","",""
"KELUN_IMP_GOODS_PACKS","","1","",""
"KELUN_IMP_GOODS","","1","",""
"KELUN_IMP_GOODS_CLASSIFICATION","","1","",""
"BOND_WAREHOUSE_QTY_V","","2","",""
"LY_API_INORDER_FINISH_V","","2","",""
"LY_API_LOT_MODIFY_V","","2","",""
"LY_API_OUTORDER_FINISH","","2","",""
"LY_API_OUTORDER_PACKINGMSG","","2","",""
"LY_API_QUAILTY_FEEDBACK_V","","2","",""
"LY_API_QUERY_CONSERVE_V","","2","",""
"LY_API_QUERY_INCHECK_V","","2","",""
"LY_API_QUERY_OUTCHECK_V","","2","",""
"LY_API_QUERY_RECEIPT_V","","2","",""
"LY_API_QUERY_STQTY_V","","2","",""
"LY_API_QUERY_TR_V","","2","",""
"LY_API_TRADE_ORDER_V","","2","",""
"MSFX_TRANSPORTTEMP_V1","","2","",""
"TPLA_EDI_T340_20250122BAK_V","","2","",""
"WMS_ECODE_RECORD_V_BAK20240623","","2","",""
"WMS_ST_IO_DOC_V20240402","","2","",""
"WMS_ST_IO_DOC_V_240402_1","","2","",""
"XYUE_ECODE_TEST_V","","2","",""
"ZX_19023_V","","2","",""
"ZX_19024_V","","2","",""
"ZX_19025_V","","2","",""
"ZX_19105_V","","2","",""
"ZX_19106_V","","2","",""
"ZX_19108_V","","2","",""
"ZX_20000_V","","2","",""
"ZX_20001_V","","2","",""
"ZX_20002_V","","2","",""
"ZX_20003_V","","2","",""
"ZX_20004_V","","2","",""
"ZX_20005_V","","2","",""
"ZX_20006_V","","2","",""
"ZX_20007_V","","2","",""
"ZX_20008_V","","2","",""
"ZX_20009_V","","2","",""
"ZX_20010_V","","2","",""
"ZX_20011_V","","2","",""
"ZX_20012_V","","2","",""
"ZX_20013_V","","2","",""
"ZX_20018_V","","2","",""
"ZX_20019_V","","2","",""
"ZX_21001_V","","2","",""
"ZX_21002_V","","2","",""
"ZX_21003_V","","2","",""
"ZX_21004_V","","2","",""
"ZX_21005_V","","2","",""
"ZX_6303_V","","2","",""
"ZX_710090_V","","2","",""
"ZX_710091_V","","2","",""
"ZX_710092_V","","2","",""
"ZX_710093_V","","2","",""
"ZX_710095_DOC_V","","2","",""
"ZX_710095_DTL_V","","2","",""
"ZX_710097_V","","2","",""
"ZX_710098_V","","2","",""
"ZX_710100_V","","2","",""
"ZX_710101_V","","2","",""
"ZX_710102_V","","2","",""
"ZX_710104_V","","2","",""
"ZX_710105_V","","2","",""
"ZX_81012_V","","2","",""
"ZX_8701_V","","2","",""
"ZX_KL_ST_QTY_LST_V","","2","",""
